,cells
0,<21_4501>_0
1,<21_4501>_1
2,<21_4501>_2
3,<21_4501>_3
4,<21_4501>_4
5,<21_4501>_5
6,<21_4501>_6
7,<21_4501>_7
8,<21_4501>_8
9,<21_4501>_9
10,<21_4501>_10
11,<21_4501>_11
12,<21_4501>_12
13,<21_4501>_13
14,<21_4501>_14
15,<21_4501>_15
16,<21_4501>_16
17,<21_4501>_17
18,<21_4501>_18
19,<21_4501>_19
20,<21_4501>_20
21,<21_4501>_21
22,<21_4501>_22
23,<21_4501>_23
24,<21_4501>_24
25,<21_4501>_25
26,<21_4501>_26
27,<21_4501>_27
28,<21_4501>_28
29,<21_4501>_29
30,<21_4501>_30
31,<21_4501>_31
32,<21_4501>_32
33,<21_4501>_33
34,<21_4501>_34
35,<21_4501>_35
36,<21_4501>_36
37,<21_4501>_37
38,<21_4501>_38
39,<21_4501>_39
40,<21_4501>_40
41,<21_4501>_41
42,<21_4501>_42
43,<21_4501>_43
44,<21_4501>_44
45,<21_4501>_45
46,<21_4501>_46
47,<21_4501>_47
48,<21_4501>_48
49,<21_4501>_49
50,<21_4501>_50
51,<21_4501>_51
52,<21_4501>_52
53,<21_4501>_53
54,<21_4501>_54
55,<21_4501>_55
56,<21_4501>_56
57,<21_4501>_57
58,<21_4501>_58
59,<21_4501>_59
60,<21_4501>_60
61,<21_4501>_61
62,<21_4501>_62
63,<21_4501>_63
64,<21_4501>_64
65,<21_4501>_65
66,<21_4501>_66
67,<21_4501>_67
68,<21_4501>_68
69,<21_4501>_69
70,<21_4501>_70
71,<21_4501>_71
72,<21_4501>_72
73,<21_4501>_73
74,<21_4501>_74
75,<21_4501>_75
76,<21_4501>_76
77,<21_4501>_77
78,<21_4501>_78
79,<21_4501>_79
80,<21_4501>_80
81,<21_4501>_81
82,<21_4501>_82
83,<21_4501>_83
84,<21_4501>_84
85,<21_4501>_85
86,<21_4501>_86
87,<21_4501>_87
88,<21_4501>_88
89,<21_4501>_89
90,<21_4501>_90
91,<21_4501>_91
92,<21_4501>_92
93,<21_4501>_93
94,<21_4501>_94
95,<21_4501>_95
96,<21_4501>_96
97,<21_4501>_97
98,<21_4501>_98
99,<21_4501>_99
100,<21_4501>_100
101,<21_4501>_101
102,<21_4501>_102
103,<21_4501>_103
104,<21_4501>_104
105,<21_4501>_105
106,<21_4501>_106
107,<21_4501>_107
108,<21_4501>_108
109,<21_4501>_109
110,<21_4501>_110
111,<21_4501>_111
112,<21_4501>_112
113,<21_4501>_113
114,<21_4501>_114
115,<21_4501>_115
116,<21_4501>_116
117,<21_4501>_117
118,<21_4501>_118
119,<21_4501>_119
120,<21_4501>_120
121,<21_4501>_121
122,<21_4501>_122
123,<21_4501>_123
124,<21_4501>_124
125,<21_4501>_125
126,<21_4501>_126
127,<21_4501>_127
128,<21_4501>_128
129,<21_4501>_129
130,<21_4501>_130
131,<21_4501>_131
132,<21_4501>_132
133,<21_4501>_133
134,<21_4501>_134
135,<21_4501>_135
136,<21_4501>_136
137,<21_4501>_137
138,<21_4501>_138
139,<21_4501>_139
140,<21_4501>_140
141,<21_4501>_141
142,<21_4501>_142
143,<21_4501>_143
144,<21_4501>_144
145,<23_434>_0
146,<23_434>_1
147,<23_434>_2
148,<23_434>_3
149,<23_434>_4
150,<23_434>_5
151,<23_434>_6
152,<23_434>_7
153,<23_434>_8
154,<23_434>_9
155,<23_434>_10
156,<23_434>_11
157,<23_434>_12
158,<23_434>_13
159,<23_434>_14
160,<23_434>_15
161,<22_1827>_0
162,<22_1827>_1
163,<22_1827>_2
164,<22_1827>_3
165,<22_1827>_4
166,<22_1827>_5
167,<22_1827>_6
168,<22_1827>_7
169,<22_1827>_8
170,<22_1827>_9
171,<22_1827>_10
172,<22_1827>_11
173,<22_1827>_12
174,<22_1827>_13
175,<22_1827>_14
176,<22_1827>_15
177,<22_1827>_16
178,<22_1827>_17
179,<22_1827>_18
180,<22_1827>_19
181,<22_1827>_20
182,<22_1827>_21
183,<22_1827>_22
184,<22_1827>_23
185,<22_1827>_24
186,<22_1827>_25
187,<22_1827>_26
188,<22_1827>_27
189,<22_1827>_28
190,<22_1827>_29
191,<22_1827>_30
192,<22_1827>_31
193,<22_1827>_32
194,<22_1827>_33
195,<22_1827>_34
196,<22_1827>_35
197,<22_1827>_36
198,<22_1827>_37
199,<22_1827>_38
200,<22_1827>_39
201,<22_1827>_40
202,<22_1827>_41
203,<22_1827>_42
204,<22_1827>_43
205,<22_1827>_44
206,<22_1827>_45
207,<22_1827>_46
208,<22_1827>_47
209,<22_1827>_48
210,<22_1827>_49
211,<22_1827>_50
212,<22_1827>_51
213,<22_1827>_52
214,<22_1827>_53
215,<22_1827>_54
216,<22_1827>_55
217,<22_1827>_56
218,<22_1827>_57
219,<22_1827>_58
220,<22_1827>_59
221,<22_1827>_60
222,<22_1827>_61
223,<22_1827>_62
224,<22_1827>_63
225,<22_1827>_64
226,<22_1827>_65
227,<22_1827>_66
228,<22_1827>_67
229,<22_1827>_68
230,<22_1827>_69
231,<22_1827>_70
232,<22_1827>_71
233,<22_1827>_72
234,<22_1827>_73
235,<22_1827>_74
236,<22_1827>_75
237,<22_1827>_76
238,<22_1827>_77
239,<22_1827>_78
240,<22_1827>_79
241,<22_1827>_80
242,<22_1827>_81
243,<22_1827>_82
244,<22_1827>_83
245,<22_1827>_84
246,<22_1827>_85
247,<22_1827>_86
248,<22_1827>_87
249,<22_1827>_88
250,<22_1827>_89
251,<22_1827>_90
252,<22_1827>_91
253,<22_1827>_92
254,<22_1827>_93
255,<22_1827>_94
256,<22_1827>_95
257,<22_1827>_96
258,<22_1827>_97
259,<22_1827>_98
260,<22_1827>_99
261,<22_1827>_100
262,<22_1827>_101
263,<22_1827>_102
264,<22_1827>_103
265,<22_1827>_104
266,<22_1827>_105
267,<22_1827>_106
268,<22_1827>_107
269,<22_1827>_108
270,<22_1827>_109
271,<22_1827>_110
272,<22_1827>_111
273,<22_1827>_112
274,<22_1827>_113
275,<22_1827>_114
276,<22_1827>_115
277,<22_1827>_116
278,<22_1827>_117
279,<22_1827>_118
280,<22_1827>_119
281,<22_1827>_120
282,<22_1827>_121
283,<22_1827>_122
284,<22_1827>_123
285,<22_1827>_124
286,<22_1827>_125
287,<22_1827>_126
288,<22_1827>_127
289,<22_1827>_128
290,<22_1827>_129
291,<22_1827>_130
292,<22_1827>_131
293,<22_1827>_132
294,<22_1827>_133
295,<22_1827>_134
296,<22_1827>_135
297,<22_1827>_136
298,<22_1827>_137
299,<22_1827>_138
300,<22_1827>_139
301,<22_1827>_140
302,<22_1827>_141
303,<22_1827>_142
304,<22_1827>_143
305,<22_1827>_144
306,<22_1827>_145
307,<22_1827>_146
308,<22_1827>_147
309,<22_1827>_148
310,<22_1827>_149
311,<22_1827>_150
312,<22_1827>_151
313,<22_1827>_152
314,<22_1827>_153
315,<22_1827>_154
316,<22_1827>_155
317,<22_1827>_156
318,<22_1827>_157
319,<22_1827>_158
320,<22_1827>_159
321,<22_1827>_160
322,<22_1827>_161
323,<22_1827>_162
324,<22_1827>_163
325,<22_1827>_164
326,<22_1827>_165
327,<22_1827>_166
328,<22_1827>_167
329,<22_1827>_168
330,<22_1827>_169
331,<22_1827>_170
332,<22_1827>_171
333,<22_1827>_172
334,<22_1827>_173
335,<22_1827>_174
336,<22_1827>_175
337,<22_1827>_176
338,<22_1827>_177
339,<22_1827>_178
340,<22_1827>_179
341,<22_1827>_180
342,<22_1827>_181
343,<22_1827>_182
344,<22_1827>_183
345,<22_1827>_184
346,<22_1827>_185
347,<22_1827>_186
348,<22_1827>_187
349,<22_1827>_188
350,<22_1827>_189
351,<22_1827>_190
352,<22_1827>_191
353,<22_1827>_192
354,<22_1827>_193
355,<22_1827>_194
356,<22_1827>_195
357,<22_1827>_196
358,<22_1827>_197
359,<22_1827>_198
360,<22_1827>_199
361,<22_1827>_200
362,<22_1827>_201
363,<22_1827>_202
364,<22_1827>_203
365,<22_1827>_204
366,<22_1827>_205
367,<22_1827>_206
368,<22_1827>_207
369,<22_1827>_208
370,<22_1827>_209
371,<22_1827>_210
372,<22_1827>_211
373,<22_1827>_212
374,<22_1827>_213
375,<22_1827>_214
376,<22_1827>_215
377,<22_1827>_216
378,<22_1827>_217
379,<22_1827>_218
380,<22_1827>_219
381,<22_1827>_220
382,<22_1827>_221
383,<22_1827>_222
384,<22_1827>_223
385,<22_1827>_224
386,<22_1827>_225
387,<22_1827>_226
388,<22_1827>_227
389,<22_1827>_228
390,<22_1827>_229
391,<22_1827>_230
392,<22_1827>_231
393,<22_1827>_232
394,<22_1827>_233
395,<22_1827>_234
396,<22_1827>_235
397,<22_1827>_236
398,<22_1827>_237
399,<22_1827>_238
400,<22_1827>_239
401,<22_1827>_240
402,<22_1827>_241
403,<22_1827>_242
404,<22_1827>_243
405,<22_1827>_244
406,<22_1827>_245
407,<22_1827>_246
408,<22_1827>_247
409,<22_1827>_248
410,<22_1827>_249
411,<22_1827>_250
412,<22_1827>_251
413,<22_1827>_252
414,<22_1827>_253
415,<22_1827>_254
416,<22_1827>_255
417,<22_1827>_256
418,<22_1827>_257
419,<22_1827>_258
420,<22_1827>_259
421,<22_1827>_260
422,<22_1827>_261
423,<22_1827>_262
424,<22_1827>_263
425,<22_1827>_264
426,<22_1827>_265
427,<22_1827>_266
428,<22_1827>_267
429,<22_1827>_268
430,<22_1827>_269
431,<22_1827>_270
432,<22_1827>_271
433,<22_1827>_272
434,<22_1827>_273
435,<22_1827>_274
436,<22_1827>_275
437,<22_1827>_276
438,<22_1827>_277
439,<22_1827>_278
440,<22_1827>_279
441,<22_1827>_280
442,<22_1827>_281
443,<22_1827>_282
444,<22_1827>_283
445,<22_1827>_284
446,<22_1827>_285
447,<22_1827>_286
448,<22_1827>_287
449,<22_1827>_288
450,<22_1827>_289
451,<22_1827>_290
452,<22_1827>_291
453,<22_1827>_292
454,<22_1827>_293
455,<22_1827>_294
456,<22_1827>_295
457,<22_1827>_296
458,<22_1827>_297
459,<22_1827>_298
460,<22_1827>_299
461,<22_1827>_300
462,<22_1827>_301
463,<22_1827>_302
464,<22_1827>_303
465,<22_1827>_304
466,<22_1827>_305
467,<22_1827>_306
468,<22_1827>_307
469,<22_1827>_308
470,<22_1827>_309
471,<22_1827>_310
472,<22_1827>_311
473,<22_1827>_312
474,<22_1827>_313
475,<22_1827>_314
476,<22_1827>_315
477,<22_1827>_316
478,<22_1827>_317
479,<22_1827>_318
480,<22_1827>_319
481,<22_1827>_320
482,<22_1827>_321
483,<22_1827>_322
484,<22_1827>_323
485,<22_1827>_324
486,<22_1827>_325
487,<22_1827>_326
488,<22_1827>_327
489,<22_1827>_328
490,<22_1827>_329
491,<22_1827>_330
492,<22_1827>_331
493,<22_1827>_332
494,<22_1827>_333
495,<22_1827>_334
496,<22_1827>_335
497,<22_1827>_336
498,<22_1827>_337
499,<22_1827>_338
500,<22_1827>_339
501,<22_1827>_340
502,<22_1827>_341
503,<22_1827>_342
504,<22_1827>_343
505,<22_1827>_344
506,<22_1827>_345
507,<22_1827>_346
508,<22_1827>_347
509,<22_1827>_348
510,<22_1827>_349
511,<22_1827>_350
512,<22_1827>_351
513,<22_1827>_352
514,<22_1827>_353
515,<22_1827>_354
516,<22_1827>_355
517,<22_1827>_356
518,<22_1827>_357
519,<22_1827>_358
520,<22_1827>_359
521,<22_1827>_360
522,<22_1827>_361
523,<22_1827>_362
524,<22_1827>_363
525,<22_1827>_364
526,<22_1827>_365
527,<22_1827>_366
528,<22_1827>_367
529,<22_1827>_368
530,<22_1827>_369
531,<22_1827>_370
532,<22_1827>_371
533,<22_1827>_372
534,<22_1827>_373
535,<22_1827>_374
536,<22_1827>_375
537,<22_1827>_376
538,<22_1827>_377
539,<22_1827>_378
540,<22_1827>_379
541,<22_1827>_380
542,<22_1827>_381
543,<22_1827>_382
544,<22_1827>_383
545,<22_1827>_384
546,<22_1827>_385
547,<22_1827>_386
548,<22_1827>_387
549,<22_1827>_388
550,<22_1827>_389
551,<22_1827>_390
552,<22_1827>_391
553,<22_1827>_392
554,<22_1827>_393
555,<22_1827>_394
556,<22_1827>_395
557,<22_1827>_396
558,<22_1827>_397
559,<22_1827>_398
560,<22_1827>_399
561,<22_1827>_400
562,<22_1827>_401
563,<22_1827>_402
564,<22_1827>_403
565,<22_1827>_404
566,<22_1827>_405
567,<22_1827>_406
568,<22_1827>_407
569,<22_1827>_408
570,<22_1827>_409
571,<22_1827>_410
572,<22_1827>_411
573,<22_1827>_412
574,<22_1827>_413
575,<22_1827>_414
576,<22_1827>_415
577,<22_1827>_416
578,<22_1827>_417
579,<22_1827>_418
580,<22_1827>_419
581,<22_1827>_420
582,<22_1827>_421
583,<22_1827>_422
584,<22_1827>_423
585,<22_1827>_424
586,<22_1827>_425
587,<22_1827>_426
588,<22_1827>_427
589,<22_1827>_428
590,<22_1827>_429
591,<22_1827>_430
592,<22_1827>_431
593,<22_1827>_432
594,<22_1827>_433
595,<22_1827>_434
596,<22_1827>_435
597,<22_1827>_436
598,<22_1827>_437
599,<22_1827>_438
600,<22_1827>_439
601,<22_1827>_440
602,<22_1827>_441
603,<22_1827>_442
604,<22_1827>_443
605,<22_1827>_444
606,<22_1827>_445
607,<22_1827>_446
608,<22_1827>_447
609,<22_1827>_448
610,<22_1827>_449
611,<22_1827>_450
612,<22_1827>_451
613,<22_1827>_452
614,<22_1827>_453
615,<22_1827>_454
616,<22_1827>_455
617,<22_1827>_456
618,<22_1827>_457
619,<22_1827>_458
620,<22_1827>_459
621,<22_1827>_460
622,<22_1827>_461
623,<22_1827>_462
624,<22_1827>_463
625,<22_1827>_464
626,<22_1827>_465
627,<22_1827>_466
628,<22_1827>_467
629,<22_1827>_468
630,<22_1827>_469
631,<22_1827>_470
632,<22_1827>_471
633,<22_1827>_472
634,<22_1827>_473
635,<22_1827>_474
636,<22_1827>_475
637,<22_1827>_476
638,<23_2737>_0
639,<23_2737>_1
640,<23_2737>_2
641,<23_2737>_3
642,<23_2737>_4
643,<23_2737>_5
644,<23_2737>_6
645,<23_2737>_7
646,<23_2737>_8
647,<23_2737>_9
648,<23_2737>_10
649,<23_2737>_11
650,<23_2737>_12
651,<23_2737>_13
652,<23_2737>_14
653,<23_2737>_15
654,<23_2737>_16
655,<23_2737>_17
656,<23_2737>_18
657,<23_2737>_19
658,<23_2737>_20
659,<23_2737>_21
660,<23_2737>_22
661,<23_2737>_23
662,<23_2737>_24
663,<23_2737>_25
664,<23_2737>_26
665,<23_2737>_27
666,<23_2737>_28
667,<23_2737>_29
668,<23_2737>_30
669,<23_2737>_31
670,<23_2737>_32
671,<23_2737>_33
672,<23_2737>_34
673,<23_2737>_35
674,<23_2737>_36
675,<23_2737>_37
676,<23_2737>_38
677,<23_2737>_39
678,<23_2737>_40
679,<23_2737>_41
680,<23_2737>_42
681,<23_2737>_43
682,<23_2737>_44
683,<23_2737>_45
684,<23_2737>_46
685,<23_2737>_47
686,<23_2737>_48
687,<23_2737>_49
688,<23_2737>_50
689,<23_2737>_51
690,<23_2737>_52
691,<23_2737>_53
692,<23_2737>_54
693,<23_2737>_55
694,<23_2737>_56
695,<23_2737>_57
696,<23_2737>_58
697,<23_2737>_59
698,<23_2737>_60
699,<23_2737>_61
700,<23_2737>_62
701,<23_2737>_63
702,<23_2737>_64
703,<23_2737>_65
704,<23_2737>_66
705,<23_2737>_67
706,<23_2737>_68
707,<23_2737>_69
708,<23_2737>_70
709,<23_2737>_71
710,<23_2737>_72
711,<23_2737>_73
712,<23_2737>_74
713,<23_2737>_75
714,<23_2737>_76
715,<23_2737>_77
716,<23_2737>_78
717,<23_2737>_79
718,<23_2737>_80
719,<23_2737>_81
720,<23_2737>_82
721,<23_2737>_83
722,<23_2737>_84
723,<23_2737>_85
724,<23_2737>_86
725,<23_2737>_87
726,<23_2737>_88
727,<23_2737>_89
728,<23_2737>_90
729,<23_2737>_91
730,<23_2737>_92
731,<23_2737>_93
732,<23_2737>_94
733,<23_2737>_95
734,<23_2737>_96
735,<23_2737>_97
736,<23_2737>_98
737,<23_2737>_99
738,<23_2737>_100
739,<23_2737>_101
740,<23_2737>_102
741,<23_2737>_103
742,<23_2737>_104
743,<23_2737>_105
744,<23_2737>_106
745,<23_2737>_107
746,<23_2737>_108
747,<23_2737>_109
748,<23_2737>_110
749,<23_2737>_111
750,<23_2737>_112
751,<23_2737>_113
752,<23_2737>_114
753,<23_2737>_115
754,<23_2737>_116
755,<23_2737>_117
756,<23_2737>_118
757,<23_2737>_119
758,<23_2737>_120
759,<23_2737>_121
760,<23_2737>_122
761,<23_2737>_123
762,<23_2737>_124
763,<23_2737>_125
764,<23_2737>_126
765,<23_2737>_127
766,<23_2737>_128
767,<23_2737>_129
768,<23_2737>_130
769,<23_2737>_131
770,<23_2737>_132
771,<23_2737>_133
772,<23_2737>_134
773,<23_2737>_135
774,<23_2737>_136
775,<23_2737>_137
776,<23_2737>_138
777,<23_2737>_139
778,<23_2737>_140
779,<23_2737>_141
780,<23_2737>_142
781,<23_2737>_143
782,<23_2737>_144
783,<23_2737>_145
784,<23_2737>_146
785,<23_2737>_147
786,<23_2737>_148
787,<23_2737>_149
788,<23_2737>_150
789,<23_2737>_151
790,<23_2737>_152
791,<23_2737>_153
792,<23_2737>_154
793,<23_2737>_155
794,<23_2737>_156
795,<23_2737>_157
796,<23_2737>_158
797,<23_2737>_159
798,<23_2737>_160
799,<23_2737>_161
800,<23_2737>_162
801,<23_2737>_163
802,<23_2737>_164
803,<23_2737>_165
804,<23_2737>_166
805,<23_2737>_167
806,<23_2737>_168
807,<23_2737>_169
808,<23_2737>_170
809,<23_2737>_171
810,<23_2737>_172
811,<23_2737>_173
812,<23_2737>_174
813,<23_2737>_175
814,<23_2737>_176
815,<23_2737>_177
816,<23_2737>_178
817,<23_2737>_179
818,<23_2737>_180
819,<23_2737>_181
820,<23_2737>_182
821,<23_2737>_183
822,<23_2737>_184
823,<23_2737>_185
824,<23_2737>_186
825,<23_2737>_187
826,<23_2737>_188
827,<23_2737>_189
828,<23_2737>_190
829,<23_2737>_191
830,<23_2737>_192
831,<23_2737>_193
832,<23_2737>_194
833,<23_2737>_195
834,<23_2737>_196
835,<23_2737>_197
836,<23_2737>_198
837,<23_2737>_199
838,<23_2737>_200
839,<23_2737>_201
840,<23_2737>_202
841,<23_2737>_203
842,<23_2737>_204
843,<23_2737>_205
844,<23_2737>_206
845,<23_2737>_207
846,<23_2737>_208
847,<23_2737>_209
848,<23_2737>_210
849,<23_2737>_211
850,<23_2737>_212
851,<23_2737>_213
852,<23_2737>_214
853,<23_2737>_215
854,<23_2737>_216
855,<23_2737>_217
856,<23_2737>_218
857,<23_2737>_219
858,<23_2737>_220
859,<23_2737>_221
860,<23_2737>_222
861,<23_2737>_223
862,<23_2737>_224
863,<23_2737>_225
864,<23_2737>_226
865,<23_2737>_227
866,<23_2737>_228
867,<23_2737>_229
868,<23_2737>_230
869,<23_2737>_231
870,<23_2737>_232
871,<23_2737>_233
872,<23_2737>_234
873,<23_2737>_235
874,<23_2737>_236
875,<23_2737>_237
876,<23_2737>_238
877,<23_2737>_239
878,<23_2737>_240
879,<23_2737>_241
880,<23_2737>_242
881,<23_2737>_243
882,<23_2737>_244
883,<23_2737>_245
884,<23_2737>_246
885,<23_2737>_247
886,<23_2737>_248
887,<23_2737>_249
888,<23_2737>_250
889,<23_2737>_251
890,<23_2737>_252
891,<23_2737>_253
892,<23_2737>_254
893,<23_2737>_255
894,<23_2737>_256
895,<23_2737>_257
896,<23_2737>_258
897,<23_2737>_259
898,<23_2737>_260
899,<23_2737>_261
900,<23_2737>_262
901,<23_2737>_263
902,<23_2737>_264
903,<23_2737>_265
904,<23_2737>_266
905,<23_2737>_267
906,<23_2737>_268
907,<23_2737>_269
908,<23_2737>_270
909,<23_2737>_271
910,<23_2737>_272
911,<23_2737>_273
912,<23_2737>_274
913,<23_2737>_275
914,<23_2737>_276
915,<23_2737>_277
916,<23_2737>_278
917,<23_2737>_279
918,<23_2737>_280
919,<23_2737>_281
920,<23_2737>_282
921,<23_2737>_283
922,<23_2737>_284
923,<23_2737>_285
924,<23_2737>_286
925,<23_2737>_287
926,<23_2737>_288
927,<23_2737>_289
928,<23_2737>_290
929,<23_2737>_291
930,<23_2737>_292
931,<23_2737>_293
932,<23_2737>_294
933,<23_2737>_295
934,<23_2737>_296
935,<23_2737>_297
936,<23_2737>_298
937,<23_2737>_299
938,<23_2737>_300
939,<23_2737>_301
940,<23_2737>_302
941,<23_2737>_303
942,<23_2737>_304
943,<23_2737>_305
944,<23_2737>_306
945,<23_2737>_307
946,<23_2737>_308
947,<23_2737>_309
948,<23_2737>_310
949,<23_2737>_311
950,<23_2737>_312
951,<23_2737>_313
952,<23_2737>_314
953,<23_2737>_315
954,<23_2737>_316
955,<23_2737>_317
956,<23_2737>_318
957,<23_2737>_319
958,<23_2737>_320
959,<23_2737>_321
960,<23_2737>_322
961,<23_2737>_323
962,<23_2737>_324
963,<23_2737>_325
964,<23_2737>_326
965,<23_2737>_327
966,<23_2737>_328
967,<23_2737>_329
968,<23_2737>_330
969,<23_2737>_331
970,<23_2737>_332
971,<23_2737>_333
972,<23_2737>_334
973,<23_2737>_335
974,<23_2737>_336
975,<23_2737>_337
976,<23_2737>_338
977,<23_2737>_339
978,<23_2737>_340
979,<23_2737>_341
980,<23_2737>_342
981,<23_2737>_343
982,<23_2737>_344
983,<23_2737>_345
984,<23_2737>_346
985,<23_2737>_347
986,<23_2737>_348
987,<23_2737>_349
988,<23_2737>_350
989,<23_2737>_351
990,<23_2737>_352
991,<23_2737>_353
992,<23_2737>_354
993,<23_2737>_355
994,<23_2737>_356
995,<23_2737>_357
996,<23_2737>_358
997,<23_2737>_359
998,<23_2737>_360
999,<23_2737>_361
1000,<23_2737>_362
1001,<23_2737>_363
1002,<23_2737>_364
1003,<23_2737>_365
1004,<23_2737>_366
1005,<23_2737>_367
1006,<23_2737>_368
1007,<23_2737>_369
1008,<23_2737>_370
1009,<23_2737>_371
1010,<23_2737>_372
1011,<23_2737>_373
1012,<23_2737>_374
1013,<23_2737>_375
1014,<23_2737>_376
1015,<23_2737>_377
1016,<23_2737>_378
1017,<23_2737>_379
1018,<23_2737>_380
1019,<23_2737>_381
1020,<23_2737>_382
1021,<23_2737>_383
1022,<23_2737>_384
1023,<23_2737>_385
1024,<23_2737>_386
1025,<23_2737>_387
1026,<23_2737>_388
1027,<23_2737>_389
1028,<23_2737>_390
1029,<23_2737>_391
1030,<23_2737>_392
1031,<23_2737>_393
1032,<23_2737>_394
1033,<23_2737>_395
1034,<23_2737>_396
1035,<23_2737>_397
1036,<23_2737>_398
1037,<23_2737>_399
1038,<23_2737>_400
1039,<23_2737>_401
1040,<23_2737>_402
1041,<23_2737>_403
1042,<23_2737>_404
1043,<23_2737>_405
1044,<23_2737>_406
1045,<23_2737>_407
1046,<23_2737>_408
1047,<23_2737>_409
1048,<23_2737>_410
1049,<23_2737>_411
1050,<23_2737>_412
1051,<23_2737>_413
1052,<23_2737>_414
1053,<23_2737>_415
1054,<23_2737>_416
1055,<23_2737>_417
1056,<23_2737>_418
1057,<23_2737>_419
1058,<23_2737>_420
1059,<23_2737>_421
1060,<23_2737>_422
1061,<23_2737>_423
1062,<23_2737>_424
1063,<23_2737>_425
1064,<23_2737>_426
1065,<23_2737>_427
1066,<23_2737>_428
1067,<23_2737>_429
1068,<23_2737>_430
1069,<23_2737>_431
1070,<23_2737>_432
1071,<23_2737>_433
1072,<23_2737>_434
1073,<23_2737>_435
1074,<23_2737>_436
1075,<23_2737>_437
1076,<23_2737>_438
1077,<23_2737>_439
1078,<23_2737>_440
1079,<23_2737>_441
1080,<23_2737>_442
1081,<23_2737>_443
1082,<23_2737>_444
1083,<23_2737>_445
1084,<23_2737>_446
1085,<23_2737>_447
1086,<23_2737>_448
1087,<23_2737>_449
1088,<23_2737>_450
1089,<23_2737>_451
1090,<23_2737>_452
1091,<23_2737>_453
1092,<23_2737>_454
1093,<23_2737>_455
1094,<23_2737>_456
1095,<23_2737>_457
1096,<23_2737>_458
1097,<23_2737>_459
1098,<23_2737>_460
1099,<23_2737>_461
1100,<23_2737>_462
1101,<23_2737>_463
1102,<23_2737>_464
1103,<23_2737>_465
1104,<23_2737>_466
1105,<23_2737>_467
1106,<23_2737>_468
1107,<23_2737>_469
1108,<23_2737>_470
1109,<23_2737>_471
1110,<23_2737>_472
1111,<23_2737>_473
1112,<23_2737>_474
1113,<23_2737>_475
1114,<23_2737>_476
1115,<23_2737>_477
1116,<23_2737>_478
1117,<23_2737>_479
1118,<23_2737>_480
1119,<23_2737>_481
1120,<23_2737>_482
1121,<23_2737>_483
1122,<23_2737>_484
1123,<23_2737>_485
1124,<23_2737>_486
1125,<23_2737>_487
1126,<23_2737>_488
1127,<23_2737>_489
1128,<23_2737>_490
1129,<23_2737>_491
1130,<23_2737>_492
1131,<23_2737>_493
1132,<23_2737>_494
1133,<23_2737>_495
1134,<23_2737>_496
1135,<23_2737>_497
1136,<23_2737>_498
1137,<23_2737>_499
1138,<23_2737>_500
1139,<23_2737>_501
1140,<23_2737>_502
1141,<23_2737>_503
1142,<23_2737>_504
1143,<23_2737>_505
1144,<23_2737>_506
1145,<23_2737>_507
1146,<23_2737>_508
1147,<23_2737>_509
1148,<23_2737>_510
1149,<23_2737>_511
1150,<23_2737>_512
1151,<23_2737>_513
1152,<23_2737>_514
1153,<23_2737>_515
1154,<23_2737>_516
1155,<23_2737>_517
1156,<23_2737>_518
1157,<23_2737>_519
1158,<23_2737>_520
1159,<23_2737>_521
1160,<23_2737>_522
1161,<23_2737>_523
1162,<23_2737>_524
1163,<23_2737>_525
1164,<23_2737>_526
1165,<23_2737>_527
1166,<23_2737>_528
1167,<23_2737>_529
1168,<23_2737>_530
1169,<23_2737>_531
1170,<23_2737>_532
1171,<23_2737>_533
1172,<23_2737>_534
1173,<23_2737>_535
1174,<23_2737>_536
1175,<23_2737>_537
1176,<23_2737>_538
1177,<23_2737>_539
1178,<23_2737>_540
1179,<23_2737>_541
1180,<23_2737>_542
1181,<23_2737>_543
1182,<23_2737>_544
1183,<23_2737>_545
1184,<23_2737>_546
1185,<23_2737>_547
1186,<23_2737>_548
1187,<23_2737>_549
1188,<23_2737>_550
1189,<23_2737>_551
1190,<23_2737>_552
1191,<23_2737>_553
1192,<23_2737>_554
1193,<23_2737>_555
1194,<23_2737>_556
1195,<23_2737>_557
1196,<23_2737>_558
1197,<23_2737>_559
1198,<23_2737>_560
1199,<23_2737>_561
1200,<23_2737>_562
1201,<23_2737>_563
1202,<23_2737>_564
1203,<23_2737>_565
1204,<23_2737>_566
1205,<23_2737>_567
1206,<23_2737>_568
1207,<23_2737>_569
1208,<23_2737>_570
1209,<23_2737>_571
1210,<23_2737>_572
1211,<23_2737>_573
1212,<23_2737>_574
1213,<23_2737>_575
1214,<23_2737>_576
1215,<23_2737>_577
1216,<23_2737>_578
1217,<23_2737>_579
1218,<23_2737>_580
1219,<23_2737>_581
1220,<23_2737>_582
1221,<23_2737>_583
1222,<23_2737>_584
1223,<23_2737>_585
1224,<23_2737>_586
1225,<23_2737>_587
1226,<23_2737>_588
1227,<23_2737>_589
1228,<23_2737>_590
1229,<23_2737>_591
1230,<23_2737>_592
1231,<23_2737>_593
1232,<23_2737>_594
1233,<23_2737>_595
1234,<23_2737>_596
1235,<23_2737>_597
1236,<23_2737>_598
1237,<23_2737>_599
1238,<23_2737>_600
1239,<23_2737>_601
1240,<23_2737>_602
1241,<23_2737>_603
1242,<23_2737>_604
1243,<23_2737>_605
1244,<23_2737>_606
1245,<23_2737>_607
1246,<23_2737>_608
1247,<23_2737>_609
1248,<23_2737>_610
1249,<23_2737>_611
1250,<23_2737>_612
1251,<23_2737>_613
1252,<23_2737>_614
1253,<23_2737>_615
1254,<23_2737>_616
1255,<23_2737>_617
1256,<23_2737>_618
1257,<23_2737>_619
1258,<23_2737>_620
1259,<23_2737>_621
1260,<23_2737>_622
1261,<23_2737>_623
1262,<23_2737>_624
1263,<23_2737>_625
1264,<23_2737>_626
1265,<23_2737>_627
1266,<23_2737>_628
1267,<23_2737>_629
1268,<23_2737>_630
1269,<23_2737>_631
1270,<23_2737>_632
1271,<23_2737>_633
1272,<23_2737>_634
1273,<23_2737>_635
1274,<23_2737>_636
1275,<23_2737>_637
1276,<23_2737>_638
1277,<23_2737>_639
1278,<23_2737>_640
1279,<23_2737>_641
1280,<23_2737>_642
1281,<23_2737>_643
1282,<23_2737>_644
1283,<23_2737>_645
1284,<23_2737>_646
1285,<23_2737>_647
1286,<23_2737>_648
1287,<23_2737>_649
1288,<23_2737>_650
1289,<23_2737>_651
1290,<23_2737>_652
1291,<23_2737>_653
1292,<23_2737>_654
1293,<23_2737>_655
1294,<23_2737>_656
1295,<23_2737>_657
1296,<23_2737>_658
1297,<23_2737>_659
1298,<23_2737>_660
1299,<23_2737>_661
1300,<23_2737>_662
1301,<23_2737>_663
1302,<23_2737>_664
1303,<23_2737>_665
1304,<23_2737>_666
1305,<23_2737>_667
1306,<23_2737>_668
1307,<23_2737>_669
1308,<23_2737>_670
1309,<23_2737>_671
1310,<23_2737>_672
1311,<23_2737>_673
1312,<23_2737>_674
1313,<23_2737>_675
1314,<23_2737>_676
1315,<23_2737>_677
1316,<23_2737>_678
1317,<23_2737>_679
1318,<23_2737>_680
1319,<23_2737>_681
1320,<23_2737>_682
1321,<23_2737>_683
1322,<23_2737>_684
1323,<23_2737>_685
1324,<17_4103>_0
1325,<17_4103>_1
1326,<17_4103>_2
1327,<17_4103>_3
1328,<17_4103>_4
1329,<17_4103>_5
1330,<17_4103>_6
1331,<17_4103>_7
1332,<17_4103>_8
1333,<17_4103>_9
1334,<17_4103>_10
1335,<17_4103>_11
1336,<17_4103>_12
1337,<17_4103>_13
1338,<17_4103>_14
1339,<17_4103>_15
1340,<17_4103>_16
1341,<17_4103>_17
1342,<17_4103>_18
1343,<17_4103>_19
1344,<17_4103>_20
1345,<17_4103>_21
1346,<17_4103>_22
1347,<17_4103>_23
1348,<17_4103>_24
1349,<17_4103>_25
1350,<17_4103>_26
1351,<17_4103>_27
1352,<17_4103>_28
1353,<17_4103>_29
1354,<17_4103>_30
1355,<17_4103>_31
1356,<17_4103>_32
1357,<17_4103>_33
1358,<17_4103>_34
1359,<17_4103>_35
1360,<17_4103>_36
1361,<17_4103>_37
1362,<16_4370>_0
1363,<16_4370>_1
1364,<16_4370>_2
1365,<16_4370>_3
1366,<16_4370>_4
1367,<16_4370>_5
1368,<16_4370>_6
1369,<16_4370>_7
1370,<16_4370>_8
1371,<16_4370>_9
1372,<16_4370>_10
1373,<16_4370>_11
1374,<16_4370>_12
1375,<16_4370>_13
1376,<16_4370>_14
1377,<16_4370>_15
1378,<16_4370>_16
1379,<16_4370>_17
1380,<16_4370>_18
1381,<16_4370>_19
1382,<16_4370>_20
1383,<16_4370>_21
1384,<16_4370>_22
1385,<16_4370>_23
1386,<16_4370>_24
1387,<16_4370>_25
1388,<16_4370>_26
1389,<16_4370>_27
1390,<16_4370>_28
1391,<16_4370>_29
1392,<16_4370>_30
1393,<16_4370>_31
1394,<16_4370>_32
1395,<16_4370>_33
1396,<16_4370>_34
1397,<16_4370>_35
1398,<16_4370>_36
1399,<16_4370>_37
1400,<16_4370>_38
1401,<16_4370>_39
1402,<16_4370>_40
1403,<16_4370>_41
1404,<16_4370>_42
1405,<16_4370>_43
1406,<16_4370>_44
1407,<16_4370>_45
1408,<16_4370>_46
1409,<16_4370>_47
1410,<16_4370>_48
1411,<16_4370>_49
1412,<16_4370>_50
1413,<16_4370>_51
1414,<16_4370>_52
1415,<16_4370>_53
1416,<16_4370>_54
1417,<16_4370>_55
1418,<16_4370>_56
1419,<16_4370>_57
1420,<16_4370>_58
1421,<16_4370>_59
1422,<16_4370>_60
1423,<16_4370>_61
1424,<16_4370>_62
1425,<16_4370>_63
1426,<16_4370>_64
1427,<16_4370>_65
1428,<16_4370>_66
1429,<16_4370>_67
1430,<16_4370>_68
1431,<16_4370>_69
1432,<16_4370>_70
1433,<16_4370>_71
1434,<16_4370>_72
1435,<16_4370>_73
1436,<16_4370>_74
1437,<16_4370>_75
1438,<16_4370>_76
1439,<16_4370>_77
1440,<16_4370>_78
1441,<16_4370>_79
1442,<16_4370>_80
1443,<16_4370>_81
1444,<16_4370>_82
1445,<16_4370>_83
1446,<16_4370>_84
1447,<16_4370>_85
1448,<16_4370>_86
1449,<16_4370>_87
1450,<16_4370>_88
1451,<16_4370>_89
1452,<16_4370>_90
1453,<16_4370>_91
1454,<16_4370>_92
1455,<16_4370>_93
1456,<16_4370>_94
1457,<16_4370>_95
1458,<16_4370>_96
1459,<16_4370>_97
1460,<16_4370>_98
1461,<16_4370>_99
1462,<16_4370>_100
1463,<16_4370>_101
1464,<16_4370>_102
1465,<16_4370>_103
1466,<16_4370>_104
1467,<16_4370>_105
1468,<16_4370>_106
1469,<16_4370>_107
1470,<16_4370>_108
1471,<16_4370>_109
1472,<16_4370>_110
1473,<16_4370>_111
1474,<16_4370>_112
1475,<16_4370>_113
1476,<16_4370>_114
1477,<16_4370>_115
1478,<16_4370>_116
1479,<16_4370>_117
1480,<16_4370>_118
1481,<16_4370>_119
1482,<16_4370>_120
1483,<16_4370>_121
1484,<14_2800>_0
1485,<14_2800>_1
1486,<14_2800>_2
1487,<14_2800>_3
1488,<14_2800>_4
1489,<14_2800>_5
1490,<14_2800>_6
1491,<14_2800>_7
1492,<14_2800>_8
1493,<14_2800>_9
1494,<14_2800>_10
1495,<14_2800>_11
1496,<14_2800>_12
1497,<14_2800>_13
1498,<14_2800>_14
1499,<14_2800>_15
1500,<14_2800>_16
1501,<14_2800>_17
1502,<14_2800>_18
1503,<14_2800>_19
1504,<14_2800>_20
1505,<14_2800>_21
1506,<14_2800>_22
1507,<14_2800>_23
1508,<14_2800>_24
1509,<14_2800>_25
1510,<14_2800>_26
1511,<14_2800>_27
1512,<14_2800>_28
1513,<14_2800>_29
1514,<14_2800>_30
1515,<14_2800>_31
1516,<14_2800>_32
1517,<14_2800>_33
1518,<14_2800>_34
1519,<14_2800>_35
1520,<14_2800>_36
1521,<14_2800>_37
1522,<14_2800>_38
1523,<14_2800>_39
1524,<14_2800>_40
1525,<14_2800>_41
1526,<14_2800>_42
1527,<14_2800>_43
1528,<14_2800>_44
1529,<14_2800>_45
1530,<14_2800>_46
1531,<14_2800>_47
1532,<14_2800>_48
1533,<14_2800>_49
1534,<14_2800>_50
1535,<14_2800>_51
1536,<14_2800>_52
1537,<14_2800>_53
1538,<14_2800>_54
1539,<14_2800>_55
1540,<14_2800>_56
1541,<14_2800>_57
1542,<14_2800>_58
1543,<14_2800>_59
1544,<14_2800>_60
1545,<14_2800>_61
1546,<14_2800>_62
1547,<14_2800>_63
1548,<14_2800>_64
1549,<14_2800>_65
1550,<14_2800>_66
1551,<14_2800>_67
1552,<14_2800>_68
1553,<14_2800>_69
1554,<14_2800>_70
1555,<14_2800>_71
1556,<14_2800>_72
1557,<14_2800>_73
1558,<14_2800>_74
1559,<14_2800>_75
1560,<14_2800>_76
1561,<14_2800>_77
1562,<14_2800>_78
1563,<14_2800>_79
1564,<14_2800>_80
1565,<14_2800>_81
1566,<14_2800>_82
1567,<14_2800>_83
1568,<14_2800>_84
1569,<14_2800>_85
1570,<14_2800>_86
1571,<14_2800>_87
1572,<14_2800>_88
1573,<14_2800>_89
1574,<14_2800>_90
1575,<14_2800>_91
1576,<14_2800>_92
1577,<14_2800>_93
1578,<14_2800>_94
1579,<14_2800>_95
1580,<14_2800>_96
1581,<14_2800>_97
1582,<14_2800>_98
1583,<14_2800>_99
1584,<14_2800>_100
1585,<14_2800>_101
1586,<14_2800>_102
1587,<14_2800>_103
1588,<14_2800>_104
1589,<14_2800>_105
1590,<14_2800>_106
1591,<14_2800>_107
1592,<14_2800>_108
1593,<14_2800>_109
1594,<14_2800>_110
1595,<14_2800>_111
1596,<14_2800>_112
1597,<14_2800>_113
1598,<14_2800>_114
1599,<14_2800>_115
1600,<14_2800>_116
1601,<14_2800>_117
1602,<14_2800>_118
1603,<14_2800>_119
1604,<14_2800>_120
1605,<14_2800>_121
1606,<14_2800>_122
1607,<14_2800>_123
1608,<14_2800>_124
1609,<14_2800>_125
1610,<14_2800>_126
1611,<14_2800>_127
1612,<14_2800>_128
1613,<14_2800>_129
1614,<14_2800>_130
1615,<14_2800>_131
1616,<14_2800>_132
1617,<14_2800>_133
1618,<14_2800>_134
1619,<14_2800>_135
1620,<14_2800>_136
1621,<14_2800>_137
1622,<14_2800>_138
1623,<14_2800>_139
1624,<14_2800>_140
1625,<14_2800>_141
1626,<14_2800>_142
1627,<14_2800>_143
1628,<14_2800>_144
1629,<14_2800>_145
1630,<14_2800>_146
1631,<14_2800>_147
1632,<14_2800>_148
1633,<14_2800>_149
1634,<22_2397>_0
1635,<22_2397>_1
1636,<22_2397>_2
1637,<22_2397>_3
1638,<22_2397>_4
1639,<22_2397>_5
1640,<22_2397>_6
1641,<22_2397>_7
1642,<22_2397>_8
1643,<22_2397>_9
1644,<22_2397>_10
1645,<22_2397>_11
1646,<22_2397>_12
1647,<22_2397>_13
1648,<22_2397>_14
1649,<22_2397>_15
1650,<22_2397>_16
1651,<22_2397>_17
1652,<22_2397>_18
1653,<22_2397>_19
1654,<22_2397>_20
1655,<22_2397>_21
1656,<22_2397>_22
1657,<22_2397>_23
1658,<22_2397>_24
1659,<22_2397>_25
1660,<22_2397>_26
1661,<22_2397>_27
1662,<22_2397>_28
1663,<22_2397>_29
1664,<22_2397>_30
1665,<22_2397>_31
1666,<22_2397>_32
1667,<22_2397>_33
1668,<22_2397>_34
1669,<22_2397>_35
1670,<22_2397>_36
1671,<22_2397>_37
1672,<22_2397>_38
1673,<22_2397>_39
1674,<22_2397>_40
1675,<22_2397>_41
1676,<22_2397>_42
1677,<22_2397>_43
1678,<22_2397>_44
1679,<22_2397>_45
1680,<22_2397>_46
1681,<22_2397>_47
1682,<22_2397>_48
1683,<22_2397>_49
1684,<22_2397>_50
1685,<22_2397>_51
1686,<22_2397>_52
1687,<22_2397>_53
1688,<22_2397>_54
1689,<22_2397>_55
1690,<22_2397>_56
1691,<22_2397>_57
1692,<22_2397>_58
1693,<22_2397>_59
1694,<22_2397>_60
1695,<22_2397>_61
1696,<22_2397>_62
1697,<22_2397>_63
1698,<22_2397>_64
1699,<22_2397>_65
1700,<22_2397>_66
1701,<22_2397>_67
1702,<22_2397>_68
1703,<22_2397>_69
1704,<22_2397>_70
1705,<22_2397>_71
1706,<22_2397>_72
1707,<22_2397>_73
1708,<22_2397>_74
1709,<22_2397>_75
1710,<22_2397>_76
1711,<22_2397>_77
1712,<22_2397>_78
1713,<22_2397>_79
1714,<22_2397>_80
1715,<22_2397>_81
1716,<22_2397>_82
1717,<22_2397>_83
1718,<22_2397>_84
1719,<22_2397>_85
1720,<22_2397>_86
1721,<22_2397>_87
1722,<22_2397>_88
1723,<22_2397>_89
1724,<22_2397>_90
1725,<22_2397>_91
1726,<22_2397>_92
1727,<22_2397>_93
1728,<22_2397>_94
1729,<22_2397>_95
1730,<22_2397>_96
1731,<22_2397>_97
1732,<22_2397>_98
1733,<22_2397>_99
1734,<22_2397>_100
1735,<22_2397>_101
1736,<22_2397>_102
1737,<22_2397>_103
1738,<22_2397>_104
1739,<22_2397>_105
1740,<22_2397>_106
1741,<22_2397>_107
1742,<22_2397>_108
1743,<22_2397>_109
1744,<22_2397>_110
1745,<22_2397>_111
1746,<22_2397>_112
1747,<22_2397>_113
1748,<22_2397>_114
1749,<22_2397>_115
1750,<22_2397>_116
1751,<22_2397>_117
1752,<22_2397>_118
1753,<22_2397>_119
1754,<22_2397>_120
1755,<22_2397>_121
1756,<22_2397>_122
1757,<22_2397>_123
1758,<22_2397>_124
1759,<22_2397>_125
1760,<22_2397>_126
1761,<22_2397>_127
1762,<22_2397>_128
1763,<22_2397>_129
1764,<22_2397>_130
1765,<22_2397>_131
1766,<22_2397>_132
1767,<22_2397>_133
1768,<22_2397>_134
1769,<22_2397>_135
1770,<18_5464>_0
1771,<18_5464>_1
1772,<18_5464>_2
1773,<18_5464>_3
1774,<18_5464>_4
1775,<18_5464>_5
1776,<18_5464>_6
1777,<18_5464>_7
1778,<18_5464>_8
1779,<18_5464>_9
1780,<18_5464>_10
1781,<18_5464>_11
1782,<18_5464>_12
1783,<18_5464>_13
1784,<18_5464>_14
1785,<18_5464>_15
1786,<18_5464>_16
1787,<18_5464>_17
1788,<18_5464>_18
1789,<18_5464>_19
1790,<18_5464>_20
1791,<18_5464>_21
1792,<18_5464>_22
1793,<18_5464>_23
1794,<18_5464>_24
1795,<18_5464>_25
1796,<18_5464>_26
1797,<18_5464>_27
1798,<18_5464>_28
1799,<18_5464>_29
1800,<18_5464>_30
1801,<18_5464>_31
1802,<18_5464>_32
1803,<18_5464>_33
1804,<18_5464>_34
1805,<18_5464>_35
1806,<18_5464>_36
1807,<18_5464>_37
1808,<18_5464>_38
1809,<18_5464>_39
1810,<18_5464>_40
1811,<18_5464>_41
1812,<18_5464>_42
1813,<18_5464>_43
1814,<18_5464>_44
1815,<18_5464>_45
1816,<18_5464>_46
1817,<18_5464>_47
1818,<18_5464>_48
1819,<18_5464>_49
1820,<18_5464>_50
1821,<18_5464>_51
1822,<18_5464>_52
1823,<18_5464>_53
1824,<18_5464>_54
1825,<18_5464>_55
1826,<18_5464>_56
1827,<18_5464>_57
1828,<18_5464>_58
1829,<18_5464>_59
1830,<18_5464>_60
1831,<18_5464>_61
1832,<18_5464>_62
1833,<18_5464>_63
1834,<18_5464>_64
1835,<18_5464>_65
1836,<18_5464>_66
1837,<18_5464>_67
1838,<18_5464>_68
1839,<18_5464>_69
1840,<22_3551>_0
1841,<22_3551>_1
1842,<22_3551>_2
1843,<22_3551>_3
1844,<22_3551>_4
1845,<22_3551>_5
1846,<22_3551>_6
1847,<22_3551>_7
1848,<22_3551>_8
1849,<22_3551>_9
1850,<22_3551>_10
1851,<22_3551>_11
1852,<22_3551>_12
1853,<22_3551>_13
1854,<22_3551>_14
1855,<22_3551>_15
1856,<22_3551>_16
1857,<22_3551>_17
1858,<22_3551>_18
1859,<22_3551>_19
1860,<22_3551>_20
1861,<22_3551>_21
1862,<22_3551>_22
1863,<22_3551>_23
1864,<22_3551>_24
1865,<22_3551>_25
1866,<22_3551>_26
1867,<22_3551>_27
1868,<22_3551>_28
1869,<22_3551>_29
1870,<22_3551>_30
1871,<22_3551>_31
1872,<22_3551>_32
1873,<22_3551>_33
1874,<22_3551>_34
1875,<22_3551>_35
1876,<22_3551>_36
1877,<22_3551>_37
1878,<22_3551>_38
1879,<22_3551>_39
1880,<22_3551>_40
1881,<22_3551>_41
1882,<22_3551>_42
1883,<22_3551>_43
1884,<22_3551>_44
1885,<22_3551>_45
1886,<22_3551>_46
1887,<22_3551>_47
1888,<22_3551>_48
1889,<22_3551>_49
1890,<22_3551>_50
1891,<22_3551>_51
1892,<19_5711>_0
1893,<19_5711>_1
1894,<19_5711>_2
1895,<19_5711>_3
1896,<19_5711>_4
1897,<19_5711>_5
1898,<19_5711>_6
1899,<19_5711>_7
1900,<19_5711>_8
1901,<19_5711>_9
1902,<19_5711>_10
1903,<19_5711>_11
1904,<19_5711>_12
1905,<19_5711>_13
1906,<19_5711>_14
1907,<19_5711>_15
1908,<19_5711>_16
1909,<19_5711>_17
1910,<19_5711>_18
1911,<19_5711>_19
1912,<19_5711>_20
1913,<19_5711>_21
1914,<19_5711>_22
1915,<19_5711>_23
1916,<19_5711>_24
1917,<19_5711>_25
1918,<19_5711>_26
1919,<19_5711>_27
1920,<19_5711>_28
1921,<19_5711>_29
1922,<19_5711>_30
1923,<19_5711>_31
1924,<19_5711>_32
1925,<19_5711>_33
1926,<19_5711>_34
1927,<19_5711>_35
1928,<19_5711>_36
1929,<19_5711>_37
1930,<19_5711>_38
1931,<19_5711>_39
1932,<19_5711>_40
1933,<19_5711>_41
1934,<19_5711>_42
1935,<19_5711>_43
1936,<19_5711>_44
1937,<19_5711>_45
1938,<19_5711>_46
1939,<19_5711>_47
1940,<19_5711>_48
1941,<19_5711>_49
1942,<19_5711>_50
1943,<19_5711>_51
1944,<19_5711>_52
1945,<19_5711>_53
1946,<19_5711>_54
1947,<19_5711>_55
1948,<19_5711>_56
1949,<19_5711>_57
1950,<19_5711>_58
1951,<19_5711>_59
1952,<19_5711>_60
1953,<19_5711>_61
1954,<19_5711>_62
1955,<19_5711>_63
1956,<19_5711>_64
1957,<19_5711>_65
1958,<19_5711>_66
1959,<19_5711>_67
1960,<19_5711>_68
1961,<19_5711>_69
1962,<19_5711>_70
1963,<19_5711>_71
1964,<19_5711>_72
1965,<19_5711>_73
1966,<19_5711>_74
1967,<19_5711>_75
1968,<19_5711>_76
1969,<19_5711>_77
1970,<19_5711>_78
1971,<19_5711>_79
1972,<19_5711>_80
1973,<19_5711>_81
1974,<19_5711>_82
1975,<19_5711>_83
1976,<19_5711>_84
1977,<19_5711>_85
1978,<19_5711>_86
1979,<19_5711>_87
1980,<19_5711>_88
1981,<19_5711>_89
1982,<19_5711>_90
1983,<19_5711>_91
1984,<19_5711>_92
1985,<19_5711>_93
1986,<19_5711>_94
1987,<19_5711>_95
1988,<19_5711>_96
1989,<19_5711>_97
1990,<19_5711>_98
1991,<19_5711>_99
1992,<19_5711>_100
1993,<19_5711>_101
1994,<19_5711>_102
1995,<19_5711>_103
1996,<19_5711>_104
1997,<19_5711>_105
1998,<19_5711>_106
1999,<19_5711>_107
2000,<19_5711>_108
2001,<19_5711>_109
2002,<19_5711>_110
2003,<19_5711>_111
2004,<19_5711>_112
2005,<19_5711>_113
2006,<19_5711>_114
2007,<19_5711>_115
2008,<19_5711>_116
2009,<19_5711>_117
2010,<19_5711>_118
2011,<19_5711>_119
2012,<19_5711>_120
2013,<19_5711>_121
2014,<19_5711>_122
2015,<19_5711>_123
2016,<19_5711>_124
2017,<19_5711>_125
2018,<19_5711>_126
2019,<19_5711>_127
2020,<19_5711>_128
2021,<19_5711>_129
2022,<19_5711>_130
2023,<19_5711>_131
2024,<19_5711>_132
2025,<19_5711>_133
2026,<19_5711>_134
2027,<19_5711>_135
2028,<19_5711>_136
2029,<19_5711>_137
2030,<19_5711>_138
2031,<19_5711>_139
2032,<19_5711>_140
2033,<19_5711>_141
2034,<19_5711>_142
2035,<19_5711>_143
2036,<19_5711>_144
2037,<19_5711>_145
2038,<19_5711>_146
2039,<19_5711>_147
2040,<19_5711>_148
2041,<19_5711>_149
2042,<19_5711>_150
2043,<19_5711>_151
2044,<19_5711>_152
2045,<19_5711>_153
2046,<19_5711>_154
2047,<19_5711>_155
2048,<19_5711>_156
2049,<19_5711>_157
2050,<19_5711>_158
2051,<19_5711>_159
2052,<19_5711>_160
2053,<19_5711>_161
2054,<19_5711>_162
2055,<19_5711>_163
2056,<19_5711>_164
2057,<19_5711>_165
2058,<19_5711>_166
2059,<19_5711>_167
2060,<19_5711>_168
2061,<19_5711>_169
2062,<19_5711>_170
2063,<19_5711>_171
2064,<19_5711>_172
2065,<19_5711>_173
2066,<19_5711>_174
2067,<19_5711>_175
2068,<19_5711>_176
2069,<19_5711>_177
2070,<19_5711>_178
2071,<19_5711>_179
2072,<19_5711>_180
2073,<19_5711>_181
2074,<19_5711>_182
2075,<19_5711>_183
2076,<19_5711>_184
2077,<19_5711>_185
2078,<19_5711>_186
2079,<19_5711>_187
2080,<19_5711>_188
2081,<19_5711>_189
2082,<19_5711>_190
2083,<19_5711>_191
2084,<19_5711>_192
2085,<19_5711>_193
2086,<19_5711>_194
2087,<19_5711>_195
2088,<19_5711>_196
2089,<19_5711>_197
2090,<19_5711>_198
2091,<19_5711>_199
2092,<19_5711>_200
2093,<19_5711>_201
2094,<19_5711>_202
2095,<19_5711>_203
2096,<19_5711>_204
2097,<19_5711>_205
2098,<19_5711>_206
2099,<19_5711>_207
2100,<19_5711>_208
2101,<19_5711>_209
2102,<19_5711>_210
2103,<19_5711>_211
2104,<19_5711>_212
2105,<19_5711>_213
2106,<19_5711>_214
2107,<19_5711>_215
2108,<19_5711>_216
2109,<19_5711>_217
2110,<19_5711>_218
2111,<19_5711>_219
2112,<19_5711>_220
2113,<19_5711>_221
2114,<19_5711>_222
2115,<19_5711>_223
2116,<19_5711>_224
2117,<19_5711>_225
2118,<19_5711>_226
2119,<19_5711>_227
2120,<19_5711>_228
2121,<19_5711>_229
2122,<19_5711>_230
2123,<19_5711>_231
2124,<19_5711>_232
2125,<19_5711>_233
2126,<19_5711>_234
2127,<19_5711>_235
2128,<19_5711>_236
2129,<19_5711>_237
2130,<19_5711>_238
2131,<19_5711>_239
2132,<19_5711>_240
2133,<19_5711>_241
2134,<19_5711>_242
2135,<19_5711>_243
2136,<19_5711>_244
2137,<19_5711>_245
2138,<19_5711>_246
2139,<19_5711>_247
2140,<19_5711>_248
2141,<19_5711>_249
2142,<19_5711>_250
2143,<19_5711>_251
2144,<19_5711>_252
2145,<19_5711>_253
2146,<19_5711>_254
2147,<19_5711>_255
2148,<19_5711>_256
2149,<19_5711>_257
2150,<19_5711>_258
2151,<19_5711>_259
2152,<19_5711>_260
2153,<19_5711>_261
2154,<19_5711>_262
2155,<19_5711>_263
2156,<19_5711>_264
2157,<19_5711>_265
2158,<19_5711>_266
2159,<19_5711>_267
2160,<19_5711>_268
2161,<19_5711>_269
2162,<19_5711>_270
2163,<19_5711>_271
2164,<19_5711>_272
2165,<19_5711>_273
2166,<19_5711>_274
2167,<19_5711>_275
2168,<19_5711>_276
2169,<19_5711>_277
2170,<19_5711>_278
2171,<19_5711>_279
2172,<19_5711>_280
2173,<19_5711>_281
2174,<19_5711>_282
2175,<19_5711>_283
2176,<19_5711>_284
2177,<19_5711>_285
2178,<19_5711>_286
2179,<19_5711>_287
2180,<19_5711>_288
2181,<19_5711>_289
2182,<19_5711>_290
2183,<19_5711>_291
2184,<19_5711>_292
2185,<19_5711>_293
2186,<19_5711>_294
2187,<19_5711>_295
2188,<19_5711>_296
2189,<19_5711>_297
2190,<19_5711>_298
2191,<19_5711>_299
2192,<19_5711>_300
2193,<19_5711>_301
2194,<19_5711>_302
2195,<19_5711>_303
2196,<19_5711>_304
2197,<19_5711>_305
2198,<19_5711>_306
2199,<19_5711>_307
2200,<19_5711>_308
2201,<19_5711>_309
2202,<19_5711>_310
2203,<19_5711>_311
2204,<19_5711>_312
2205,<19_5711>_313
2206,<19_5711>_314
2207,<19_5711>_315
2208,<19_5711>_316
2209,<19_5711>_317
2210,<19_5711>_318
2211,<19_5711>_319
2212,<19_5711>_320
2213,<19_5711>_321
2214,<19_5711>_322
2215,<19_5711>_323
2216,<19_5711>_324
2217,<19_5711>_325
2218,<19_5711>_326
2219,<19_5711>_327
2220,<19_5711>_328
2221,<19_5711>_329
2222,<19_5711>_330
2223,<19_5711>_331
2224,<19_5711>_332
2225,<19_5711>_333
2226,<19_5711>_334
2227,<19_5711>_335
2228,<19_5711>_336
2229,<19_5711>_337
2230,<19_5711>_338
2231,<19_5711>_339
2232,<19_5711>_340
2233,<19_5711>_341
2234,<19_5711>_342
2235,<19_5711>_343
2236,<19_5711>_344
2237,<19_5711>_345
2238,<19_5711>_346
2239,<19_5711>_347
2240,<19_5711>_348
2241,<19_5711>_349
2242,<19_5711>_350
2243,<19_5711>_351
2244,<19_5711>_352
2245,<19_5711>_353
2246,<19_5711>_354
2247,<19_5711>_355
2248,<19_5711>_356
2249,<19_5711>_357
2250,<19_5711>_358
2251,<19_5711>_359
2252,<19_5711>_360
2253,<19_5711>_361
2254,<19_5711>_362
2255,<19_5711>_363
2256,<19_5711>_364
2257,<19_5711>_365
2258,<19_5711>_366
2259,<19_5711>_367
2260,<19_5711>_368
2261,<19_5711>_369
2262,<19_5711>_370
2263,<19_5711>_371
2264,<19_5711>_372
2265,<19_5711>_373
2266,<19_5711>_374
2267,<19_5711>_375
2268,<19_5711>_376
2269,<19_5711>_377
2270,<19_5711>_378
2271,<19_5711>_379
2272,<19_5711>_380
2273,<19_5711>_381
2274,<19_5711>_382
2275,<19_5711>_383
2276,<19_5711>_384
2277,<19_5711>_385
2278,<19_5711>_386
2279,<19_5711>_387
2280,<19_5711>_388
2281,<19_5711>_389
2282,<19_5711>_390
2283,<19_5711>_391
2284,<19_5711>_392
2285,<19_5711>_393
2286,<16_3940>_0
2287,<16_3940>_1
2288,<16_3940>_2
2289,<16_3940>_3
2290,<16_3940>_4
2291,<16_3940>_5
2292,<16_3940>_6
2293,<16_3940>_7
2294,<16_3940>_8
2295,<16_3940>_9
2296,<16_3940>_10
2297,<16_3940>_11
2298,<16_3940>_12
2299,<16_3940>_13
2300,<16_3940>_14
2301,<16_3940>_15
2302,<16_3940>_16
2303,<16_3940>_17
2304,<16_3940>_18
2305,<16_3940>_19
2306,<16_3940>_20
2307,<16_3940>_21
2308,<16_3940>_22
2309,<16_3940>_23
2310,<16_3940>_24
2311,<16_3940>_25
2312,<16_3940>_26
2313,<16_3940>_27
2314,<16_3940>_28
2315,<16_3940>_29
2316,<16_3940>_30
2317,<16_3940>_31
2318,<16_3940>_32
2319,<16_3940>_33
2320,<16_3940>_34
2321,<16_3940>_35
2322,<16_3940>_36
2323,<16_3940>_37
2324,<16_3940>_38
2325,<16_3940>_39
2326,<16_3940>_40
2327,<16_3940>_41
2328,<16_3940>_42
2329,<16_3940>_43
2330,<16_3940>_44
2331,<16_3940>_45
2332,<16_3940>_46
2333,<16_3940>_47
2334,<16_3940>_48
2335,<16_3940>_49
2336,<16_3940>_50
2337,<16_3940>_51
2338,<16_3940>_52
2339,<16_3940>_53
2340,<16_3940>_54
2341,<16_3940>_55
2342,<16_3940>_56
2343,<16_3940>_57
2344,<16_3940>_58
2345,<16_3940>_59
2346,<16_3940>_60
2347,<16_3940>_61
2348,<16_3940>_62
2349,<16_3940>_63
2350,<16_3940>_64
2351,<16_3940>_65
2352,<16_3940>_66
2353,<16_3940>_67
2354,<16_3940>_68
2355,<16_3940>_69
2356,<16_3940>_70
2357,<16_3940>_71
2358,<16_3940>_72
2359,<16_3940>_73
2360,<16_3940>_74
2361,<16_3940>_75
2362,<16_3940>_76
2363,<16_3940>_77
2364,<16_3940>_78
2365,<16_3940>_79
2366,<16_3940>_80
2367,<16_3940>_81
2368,<16_3940>_82
2369,<16_3940>_83
2370,<16_3940>_84
2371,<16_3940>_85
2372,<16_3940>_86
2373,<16_3940>_87
2374,<16_3940>_88
2375,<16_3940>_89
2376,<16_3940>_90
2377,<16_3940>_91
2378,<16_3940>_92
2379,<16_3940>_93
2380,<16_3940>_94
2381,<16_3940>_95
2382,<16_3940>_96
2383,<16_3940>_97
2384,<16_3940>_98
2385,<16_3940>_99
2386,<16_3940>_100
2387,<16_3940>_101
2388,<16_3940>_102
2389,<16_3940>_103
2390,<16_3940>_104
2391,<16_3940>_105
2392,<16_3940>_106
2393,<16_3940>_107
2394,<16_3940>_108
2395,<16_3940>_109
2396,<16_3940>_110
2397,<16_3940>_111
2398,<16_3940>_112
2399,<16_3940>_113
2400,<16_3940>_114
2401,<16_3940>_115
2402,<16_3940>_116
2403,<16_3940>_117
2404,<16_3940>_118
2405,<16_3940>_119
2406,<16_3940>_120
2407,<16_3940>_121
2408,<16_3940>_122
2409,<16_3940>_123
2410,<16_3940>_124
2411,<16_3940>_125
2412,<16_3940>_126
2413,<16_3940>_127
2414,<16_3940>_128
2415,<16_3940>_129
2416,<16_3940>_130
2417,<16_3940>_131
2418,<16_3940>_132
2419,<16_3940>_133
2420,<16_3940>_134
2421,<16_3940>_135
2422,<16_3940>_136
2423,<16_3940>_137
2424,<16_3940>_138
2425,<16_3940>_139
2426,<16_3940>_140
2427,<16_3940>_141
2428,<16_3940>_142
2429,<16_3940>_143
2430,<16_3940>_144
2431,<16_3940>_145
2432,<16_3940>_146
2433,<16_3940>_147
2434,<16_3940>_148
2435,<16_3940>_149
2436,<16_3940>_150
2437,<16_3940>_151
2438,<16_3940>_152
2439,<16_3940>_153
2440,<16_3940>_154
2441,<16_3940>_155
2442,<16_3940>_156
2443,<16_3940>_157
2444,<16_3940>_158
2445,<16_3940>_159
2446,<16_3940>_160
2447,<16_3940>_161
2448,<16_3940>_162
2449,<16_3940>_163
2450,<16_3940>_164
2451,<16_3940>_165
2452,<16_3940>_166
2453,<16_3940>_167
2454,<16_3940>_168
2455,<16_3940>_169
2456,<16_3940>_170
2457,<16_3940>_171
2458,<16_3940>_172
2459,<16_3940>_173
2460,<16_3940>_174
2461,<16_3940>_175
2462,<16_3940>_176
2463,<16_3940>_177
2464,<16_3940>_178
2465,<16_3940>_179
2466,<16_3940>_180
2467,<16_3940>_181
2468,<16_3940>_182
2469,<16_3940>_183
2470,<16_3940>_184
2471,<16_3940>_185
2472,<16_3940>_186
2473,<16_3940>_187
2474,<16_3940>_188
2475,<16_3940>_189
2476,<16_3940>_190
2477,<16_3940>_191
2478,<16_3940>_192
2479,<16_3940>_193
2480,<16_3940>_194
2481,<16_3940>_195
2482,<16_3940>_196
2483,<16_3940>_197
2484,<16_3940>_198
2485,<16_3940>_199
2486,<16_3940>_200
2487,<16_3940>_201
2488,<16_3940>_202
2489,<16_3940>_203
2490,<16_3940>_204
2491,<16_3940>_205
2492,<16_3940>_206
2493,<16_3940>_207
2494,<16_3940>_208
2495,<16_3940>_209
2496,<16_3940>_210
2497,<16_3940>_211
2498,<16_3940>_212
2499,<16_3940>_213
2500,<16_3940>_214
2501,<16_3940>_215
2502,<16_3940>_216
2503,<16_3940>_217
2504,<16_3940>_218
2505,<16_3940>_219
2506,<16_3940>_220
2507,<16_3940>_221
2508,<16_3940>_222
2509,<16_3940>_223
2510,<16_3940>_224
2511,<16_3940>_225
2512,<16_3940>_226
2513,<16_3940>_227
2514,<16_3940>_228
2515,<16_3940>_229
2516,<16_3940>_230
2517,<16_3940>_231
2518,<16_3940>_232
2519,<16_3940>_233
2520,<16_3940>_234
2521,<16_3940>_235
2522,<16_3940>_236
2523,<16_3940>_237
2524,<16_3940>_238
2525,<16_3940>_239
2526,<16_3940>_240
2527,<16_3940>_241
2528,<16_3940>_242
2529,<16_3940>_243
2530,<16_3940>_244
2531,<16_3940>_245
2532,<16_3940>_246
2533,<16_3940>_247
2534,<16_3940>_248
2535,<16_3940>_249
2536,<16_3940>_250
2537,<16_3940>_251
2538,<16_3940>_252
2539,<16_3940>_253
2540,<16_3940>_254
2541,<16_3940>_255
2542,<16_3940>_256
2543,<16_3940>_257
2544,<16_3940>_258
2545,<16_3940>_259
2546,<16_3940>_260
2547,<16_3940>_261
2548,<16_3940>_262
2549,<16_3940>_263
2550,<16_3940>_264
2551,<16_3940>_265
2552,<16_3940>_266
2553,<16_3940>_267
2554,<16_3940>_268
2555,<16_3940>_269
2556,<16_3940>_270
2557,<16_3940>_271
2558,<16_3940>_272
2559,<16_3940>_273
2560,<16_3940>_274
2561,<16_3940>_275
2562,<16_3940>_276
2563,<16_3940>_277
2564,<16_3940>_278
2565,<16_3940>_279
2566,<16_3940>_280
2567,<16_3940>_281
2568,<16_3940>_282
2569,<16_3940>_283
2570,<16_3940>_284
2571,<16_3940>_285
2572,<16_3940>_286
2573,<16_3940>_287
2574,<16_3940>_288
2575,<16_3940>_289
2576,<16_3940>_290
2577,<16_3940>_291
2578,<16_3940>_292
2579,<16_3940>_293
2580,<16_3940>_294
2581,<16_3940>_295
2582,<16_3940>_296
2583,<16_3940>_297
2584,<16_3940>_298
2585,<16_3940>_299
2586,<16_3940>_300
2587,<16_3940>_301
2588,<16_3940>_302
2589,<16_3940>_303
2590,<16_3940>_304
2591,<16_3940>_305
2592,<16_3940>_306
2593,<16_3940>_307
2594,<16_3940>_308
2595,<16_3940>_309
2596,<16_3940>_310
2597,<16_3940>_311
2598,<16_3940>_312
2599,<16_3940>_313
2600,<16_3940>_314
2601,<16_3940>_315
2602,<16_3940>_316
2603,<16_3940>_317
2604,<16_3940>_318
2605,<16_3940>_319
2606,<16_3940>_320
2607,<16_3940>_321
2608,<16_3940>_322
2609,<16_3940>_323
2610,<16_3940>_324
2611,<16_3940>_325
2612,<16_3940>_326
2613,<16_3940>_327
2614,<16_3940>_328
2615,<16_3940>_329
2616,<16_3940>_330
2617,<16_3940>_331
2618,<16_3940>_332
2619,<16_3940>_333
2620,<16_3940>_334
2621,<16_3940>_335
2622,<16_3940>_336
2623,<16_3940>_337
2624,<16_3940>_338
2625,<16_3940>_339
2626,<16_3940>_340
2627,<16_3940>_341
2628,<16_3940>_342
2629,<16_3940>_343
2630,<16_3940>_344
2631,<16_3940>_345
2632,<16_3940>_346
2633,<16_3940>_347
2634,<16_3940>_348
2635,<16_3940>_349
2636,<16_3940>_350
2637,<16_3940>_351
2638,<16_3940>_352
2639,<16_3940>_353
2640,<16_3940>_354
2641,<16_3940>_355
2642,<16_3940>_356
2643,<16_3940>_357
2644,<16_3940>_358
2645,<16_3940>_359
2646,<16_3940>_360
2647,<16_3940>_361
2648,<16_3940>_362
2649,<16_3940>_363
2650,<16_3940>_364
2651,<16_3940>_365
2652,<16_3940>_366
2653,<16_3940>_367
2654,<16_3940>_368
2655,<16_3940>_369
2656,<16_3940>_370
2657,<16_3940>_371
2658,<16_3940>_372
2659,<16_3940>_373
2660,<16_3940>_374
2661,<16_3940>_375
2662,<16_3940>_376
2663,<16_3940>_377
2664,<16_3940>_378
2665,<16_3940>_379
2666,<16_3940>_380
2667,<16_3940>_381
2668,<16_3940>_382
2669,<16_3940>_383
2670,<16_3940>_384
2671,<16_3940>_385
2672,<16_3940>_386
2673,<16_3940>_387
2674,<16_3940>_388
2675,<16_3940>_389
2676,<16_3940>_390
2677,<16_3940>_391
2678,<16_3940>_392
2679,<16_3940>_393
2680,<16_3940>_394
2681,<16_3940>_395
2682,<16_3940>_396
2683,<16_3940>_397
2684,<16_3940>_398
2685,<16_3940>_399
2686,<16_3940>_400
2687,<16_3940>_401
2688,<16_3940>_402
2689,<16_3940>_403
2690,<16_3940>_404
2691,<16_3940>_405
2692,<16_3940>_406
2693,<16_3940>_407
2694,<16_3940>_408
2695,<16_3940>_409
2696,<16_3940>_410
2697,<16_3940>_411
2698,<16_3940>_412
2699,<16_3940>_413
2700,<16_3940>_414
2701,<16_3940>_415
2702,<16_3940>_416
2703,<16_3940>_417
2704,<16_3940>_418
2705,<16_3940>_419
2706,<16_3940>_420
2707,<16_3940>_421
2708,<16_3940>_422
2709,<16_3940>_423
2710,<16_3940>_424
2711,<16_3940>_425
2712,<16_3940>_426
2713,<16_3940>_427
2714,<16_3940>_428
2715,<16_3940>_429
2716,<16_3940>_430
2717,<16_3940>_431
2718,<16_3940>_432
2719,<16_3940>_433
2720,<16_3940>_434
2721,<16_3940>_435
2722,<16_3940>_436
2723,<16_3940>_437
2724,<16_3940>_438
2725,<16_3940>_439
2726,<16_3940>_440
2727,<16_3940>_441
2728,<16_3940>_442
2729,<16_3940>_443
2730,<16_3940>_444
2731,<16_3940>_445
2732,<16_3940>_446
2733,<16_3940>_447
2734,<16_3940>_448
2735,<16_3940>_449
2736,<16_3940>_450
2737,<16_3940>_451
2738,<16_3940>_452
2739,<16_3940>_453
2740,<16_3940>_454
2741,<16_3940>_455
2742,<16_3940>_456
2743,<16_3940>_457
2744,<16_3940>_458
2745,<16_3940>_459
2746,<16_3940>_460
2747,<16_3940>_461
2748,<16_3940>_462
2749,<16_3940>_463
2750,<16_3940>_464
2751,<16_3940>_465
2752,<16_3940>_466
2753,<16_3940>_467
2754,<16_3940>_468
2755,<16_3940>_469
2756,<16_3940>_470
2757,<16_3940>_471
2758,<16_3940>_472
2759,<16_3940>_473
2760,<16_3940>_474
2761,<16_3940>_475
2762,<16_3940>_476
2763,<16_3940>_477
2764,<16_3940>_478
2765,<16_3940>_479
2766,<16_3940>_480
2767,<16_3940>_481
2768,<22_4095>_0
2769,<22_4095>_1
2770,<22_4095>_2
2771,<22_4095>_3
2772,<22_4095>_4
2773,<22_4095>_5
2774,<22_4095>_6
2775,<22_4095>_7
2776,<22_4095>_8
2777,<22_4095>_9
2778,<22_4095>_10
2779,<22_4095>_11
2780,<22_4095>_12
2781,<22_4095>_13
2782,<22_4095>_14
2783,<22_4095>_15
2784,<22_4095>_16
2785,<22_4095>_17
2786,<22_4095>_18
2787,<22_4095>_19
2788,<22_4095>_20
2789,<22_4095>_21
2790,<22_4095>_22
2791,<22_4095>_23
2792,<22_4095>_24
2793,<22_4095>_25
2794,<22_4095>_26
2795,<22_4095>_27
2796,<22_4095>_28
2797,<22_4095>_29
2798,<22_4095>_30
2799,<22_4095>_31
2800,<22_4095>_32
2801,<22_4095>_33
2802,<22_4095>_34
2803,<22_4095>_35
2804,<22_4095>_36
2805,<22_4095>_37
2806,<22_4095>_38
2807,<22_4095>_39
2808,<22_4095>_40
2809,<22_4095>_41
2810,<22_4095>_42
2811,<22_4095>_43
2812,<22_4095>_44
2813,<22_4095>_45
2814,<22_4095>_46
2815,<22_4095>_47
2816,<22_4095>_48
2817,<22_4095>_49
2818,<22_4095>_50
2819,<22_4095>_51
2820,<22_4095>_52
2821,<22_4095>_53
2822,<22_4095>_54
2823,<22_4095>_55
2824,<22_4095>_56
2825,<22_4095>_57
2826,<22_4095>_58
2827,<22_4095>_59
2828,<22_4095>_60
2829,<22_4095>_61
2830,<22_4095>_62
2831,<22_4095>_63
2832,<22_4095>_64
2833,<22_4095>_65
2834,<22_4095>_66
2835,<22_4095>_67
2836,<22_4095>_68
2837,<22_4095>_69
2838,<22_4095>_70
2839,<22_4095>_71
2840,<22_4095>_72
2841,<22_4095>_73
2842,<22_4095>_74
2843,<22_4095>_75
2844,<22_4095>_76
2845,<22_4095>_77
2846,<22_4095>_78
2847,<22_4095>_79
2848,<22_4095>_80
2849,<22_4095>_81
2850,<22_4095>_82
2851,<22_4095>_83
2852,<22_4095>_84
2853,<22_4095>_85
2854,<22_4095>_86
2855,<22_4095>_87
2856,<22_4095>_88
2857,<22_4095>_89
2858,<22_4095>_90
2859,<22_4095>_91
2860,<22_4095>_92
2861,<22_4095>_93
2862,<22_4095>_94
2863,<22_4095>_95
2864,<22_4095>_96
2865,<22_4095>_97
2866,<22_4095>_98
2867,<22_4095>_99
2868,<22_4095>_100
2869,<22_4095>_101
2870,<22_4095>_102
2871,<22_4095>_103
2872,<22_4095>_104
2873,<22_4095>_105
2874,<22_4095>_106
2875,<22_4095>_107
2876,<22_4095>_108
2877,<22_4095>_109
2878,<22_4095>_110
2879,<22_4095>_111
2880,<22_4095>_112
2881,<22_4095>_113
2882,<22_4095>_114
2883,<22_4095>_115
2884,<22_4095>_116
2885,<22_4095>_117
2886,<22_4095>_118
2887,<22_4095>_119
2888,<22_4095>_120
2889,<22_4095>_121
2890,<22_4095>_122
2891,<22_4095>_123
2892,<22_4095>_124
2893,<22_4095>_125
2894,<22_4095>_126
2895,<22_4095>_127
2896,<22_4095>_128
2897,<22_4095>_129
2898,<22_4095>_130
2899,<22_4095>_131
2900,<22_4095>_132
2901,<22_4095>_133
2902,<22_4095>_134
2903,<22_4095>_135
2904,<22_4095>_136
2905,<22_4095>_137
2906,<22_4095>_138
2907,<22_4095>_139
2908,<22_4095>_140
2909,<22_4095>_141
2910,<22_4095>_142
2911,<22_4095>_143
2912,<22_4095>_144
2913,<22_4095>_145
2914,<22_4095>_146
2915,<22_4095>_147
2916,<22_4095>_148
2917,<22_4095>_149
2918,<22_4095>_150
2919,<22_4095>_151
2920,<22_4095>_152
2921,<22_4095>_153
2922,<22_4095>_154
2923,<22_4095>_155
2924,<22_4095>_156
2925,<22_4095>_157
2926,<22_4095>_158
2927,<22_4095>_159
2928,<22_4095>_160
2929,<22_4095>_161
2930,<22_4095>_162
2931,<22_4095>_163
2932,<22_4095>_164
2933,<22_4095>_165
2934,<22_4095>_166
2935,<22_4095>_167
2936,<22_4095>_168
2937,<22_4095>_169
2938,<22_4095>_170
2939,<22_4095>_171
2940,<22_4095>_172
2941,<22_4095>_173
2942,<22_4095>_174
2943,<22_4095>_175
2944,<22_4095>_176
2945,<22_4095>_177
2946,<22_4095>_178
2947,<22_4095>_179
2948,<22_4095>_180
2949,<22_4095>_181
2950,<22_4095>_182
2951,<22_4095>_183
2952,<22_4095>_184
2953,<22_4095>_185
2954,<22_4095>_186
2955,<22_4095>_187
2956,<22_4095>_188
2957,<22_4095>_189
2958,<22_4095>_190
2959,<22_4095>_191
2960,<22_4095>_192
2961,<22_4095>_193
2962,<22_4095>_194
2963,<22_4095>_195
2964,<22_4095>_196
2965,<22_4095>_197
2966,<22_4095>_198
2967,<22_4095>_199
2968,<22_4095>_200
2969,<22_4095>_201
2970,<22_4095>_202
2971,<22_4095>_203
2972,<22_4095>_204
2973,<22_4095>_205
2974,<22_4095>_206
2975,<22_4095>_207
2976,<22_4095>_208
2977,<22_4095>_209
2978,<22_4095>_210
2979,<22_4095>_211
2980,<22_4095>_212
2981,<22_4095>_213
2982,<22_4095>_214
2983,<22_4095>_215
2984,<22_4095>_216
2985,<22_4095>_217
2986,<22_4095>_218
2987,<22_4095>_219
2988,<22_4095>_220
2989,<22_4095>_221
2990,<22_4095>_222
2991,<22_4095>_223
2992,<22_4095>_224
2993,<22_4095>_225
2994,<22_4095>_226
2995,<22_4095>_227
2996,<22_4095>_228
2997,<22_4095>_229
2998,<22_4095>_230
2999,<22_4095>_231
3000,<22_4095>_232
3001,<22_4095>_233
3002,<22_4095>_234
3003,<22_4095>_235
3004,<22_4095>_236
3005,<22_4095>_237
3006,<22_4095>_238
3007,<22_4095>_239
3008,<22_4095>_240
3009,<22_4095>_241
3010,<22_4095>_242
3011,<22_4095>_243
3012,<22_4095>_244
3013,<22_4095>_245
3014,<22_4095>_246
3015,<22_4095>_247
3016,<22_4095>_248
3017,<22_4095>_249
3018,<22_4095>_250
3019,<22_4095>_251
3020,<22_4095>_252
3021,<22_4095>_253
3022,<22_4095>_254
3023,<22_4095>_255
3024,<22_4095>_256
3025,<22_4095>_257
3026,<22_4095>_258
3027,<22_4095>_259
3028,<22_4095>_260
3029,<22_4095>_261
3030,<22_4095>_262
3031,<22_4095>_263
3032,<22_4095>_264
3033,<22_4095>_265
3034,<22_4095>_266
3035,<22_4095>_267
3036,<22_4095>_268
3037,<22_4095>_269
3038,<22_4095>_270
3039,<22_4095>_271
3040,<22_4095>_272
3041,<22_4095>_273
3042,<22_4095>_274
3043,<22_4095>_275
3044,<22_4095>_276
3045,<22_4095>_277
3046,<22_4095>_278
3047,<22_4095>_279
3048,<22_4095>_280
3049,<22_4095>_281
3050,<22_4095>_282
3051,<22_4095>_283
3052,<22_4095>_284
3053,<22_4095>_285
3054,<22_4095>_286
3055,<22_4095>_287
3056,<22_4095>_288
3057,<22_4095>_289
3058,<22_4095>_290
3059,<22_4095>_291
3060,<22_4095>_292
3061,<22_4095>_293
3062,<22_4095>_294
3063,<22_4095>_295
3064,<22_4095>_296
3065,<22_4095>_297
3066,<22_4095>_298
3067,<22_4095>_299
3068,<22_4095>_300
3069,<22_4095>_301
3070,<22_4095>_302
3071,<22_4095>_303
3072,<22_4095>_304
3073,<22_4095>_305
3074,<22_4095>_306
3075,<22_4095>_307
3076,<22_4095>_308
3077,<22_4095>_309
3078,<22_4095>_310
3079,<22_4095>_311
3080,<22_4095>_312
3081,<22_4095>_313
3082,<22_4095>_314
3083,<22_4095>_315
3084,<22_4095>_316
3085,<22_4095>_317
3086,<22_4095>_318
3087,<22_4095>_319
3088,<22_4095>_320
3089,<22_4095>_321
3090,<22_4095>_322
3091,<22_4095>_323
3092,<22_4095>_324
3093,<22_4095>_325
3094,<22_4095>_326
3095,<22_4095>_327
3096,<22_4095>_328
3097,<22_4095>_329
3098,<22_4095>_330
3099,<22_4095>_331
3100,<22_4095>_332
3101,<22_4095>_333
3102,<22_4095>_334
3103,<22_4095>_335
3104,<22_4095>_336
3105,<22_4095>_337
3106,<22_4095>_338
3107,<22_4095>_339
3108,<22_4095>_340
3109,<22_4095>_341
3110,<22_4095>_342
3111,<22_4095>_343
3112,<22_4095>_344
3113,<22_4095>_345
3114,<22_4095>_346
3115,<22_4095>_347
3116,<22_4095>_348
3117,<22_4095>_349
3118,<22_4095>_350
3119,<22_4095>_351
3120,<22_4095>_352
3121,<22_4095>_353
3122,<22_4095>_354
3123,<22_4095>_355
3124,<22_4095>_356
3125,<22_4095>_357
3126,<22_4095>_358
3127,<22_4095>_359
3128,<22_4095>_360
3129,<22_4095>_361
3130,<22_4095>_362
3131,<22_4095>_363
3132,<22_4095>_364
3133,<22_4095>_365
3134,<22_4095>_366
3135,<22_4095>_367
3136,<22_4095>_368
3137,<22_4095>_369
3138,<22_4095>_370
3139,<22_4095>_371
3140,<22_4095>_372
3141,<22_4095>_373
3142,<22_4095>_374
3143,<22_4095>_375
3144,<22_4095>_376
3145,<22_4095>_377
3146,<22_4095>_378
3147,<22_4095>_379
3148,<22_4095>_380
3149,<22_4095>_381
3150,<22_4095>_382
3151,<22_4095>_383
3152,<22_4095>_384
3153,<22_4095>_385
3154,<22_4095>_386
3155,<22_4095>_387
3156,<22_4095>_388
3157,<22_4095>_389
3158,<22_4095>_390
3159,<22_4095>_391
3160,<22_4095>_392
3161,<22_4095>_393
3162,<22_4095>_394
3163,<22_4095>_395
3164,<22_4095>_396
3165,<22_4095>_397
3166,<22_4095>_398
3167,<22_4095>_399
3168,<22_4095>_400
3169,<22_4095>_401
3170,<22_4095>_402
3171,<22_4095>_403
3172,<22_4095>_404
3173,<22_4095>_405
3174,<22_4095>_406
3175,<22_4095>_407
3176,<22_4095>_408
3177,<22_4095>_409
3178,<22_4095>_410
3179,<22_4095>_411
3180,<22_4095>_412
3181,<22_4095>_413
3182,<22_4095>_414
3183,<22_4095>_415
3184,<22_4095>_416
3185,<22_4095>_417
3186,<22_4095>_418
3187,<22_4095>_419
3188,<22_4095>_420
3189,<22_4095>_421
3190,<22_4095>_422
3191,<22_4095>_423
3192,<22_4095>_424
3193,<22_4095>_425
3194,<22_4095>_426
3195,<22_4095>_427
3196,<22_4095>_428
3197,<22_4095>_429
3198,<22_4095>_430
3199,<22_4095>_431
3200,<22_4095>_432
3201,<22_4095>_433
3202,<22_4095>_434
3203,<22_4095>_435
3204,<22_4095>_436
3205,<22_4095>_437
3206,<22_4095>_438
3207,<22_4095>_439
3208,<22_4095>_440
3209,<22_4095>_441
3210,<22_4095>_442
3211,<22_4095>_443
3212,<22_4095>_444
3213,<22_4095>_445
3214,<22_4095>_446
3215,<22_4095>_447
3216,<22_4095>_448
3217,<22_4095>_449
3218,<22_4095>_450
3219,<22_4095>_451
3220,<22_4095>_452
3221,<22_4095>_453
3222,<22_4095>_454
3223,<22_4095>_455
3224,<22_4095>_456
3225,<22_4095>_457
3226,<22_4095>_458
3227,<22_4095>_459
3228,<22_4095>_460
3229,<22_4095>_461
3230,<22_4095>_462
3231,<22_4095>_463
3232,<22_4095>_464
3233,<22_4095>_465
3234,<22_4095>_466
3235,<22_4095>_467
3236,<22_4095>_468
3237,<22_4095>_469
3238,<22_4095>_470
3239,<22_4095>_471
3240,<22_4095>_472
3241,<22_4095>_473
3242,<22_4095>_474
3243,<22_4095>_475
3244,<22_4095>_476
3245,<22_4095>_477
3246,<22_4095>_478
3247,<22_4095>_479
3248,<22_4095>_480
3249,<22_4095>_481
3250,<22_4095>_482
3251,<22_4095>_483
3252,<22_4095>_484
3253,<22_4095>_485
3254,<22_4095>_486
3255,<22_4095>_487
3256,<22_4095>_488
3257,<22_4095>_489
3258,<22_4095>_490
3259,<22_4095>_491
3260,<22_4095>_492
3261,<22_4095>_493
3262,<22_4095>_494
3263,<22_4095>_495
3264,<22_4095>_496
3265,<22_4095>_497
3266,<22_4095>_498
3267,<22_4095>_499
3268,<22_4095>_500
3269,<22_4095>_501
3270,<22_4095>_502
3271,<22_4095>_503
3272,<22_4095>_504
3273,<22_4095>_505
3274,<22_4095>_506
3275,<22_4095>_507
3276,<22_4095>_508
3277,<22_4095>_509
3278,<22_4095>_510
3279,<22_4095>_511
3280,<22_4095>_512
3281,<22_4095>_513
3282,<22_4095>_514
3283,<22_4095>_515
3284,<22_4095>_516
3285,<22_4095>_517
3286,<22_4095>_518
3287,<22_4095>_519
3288,<22_4095>_520
3289,<22_4095>_521
3290,<22_4095>_522
3291,<22_4095>_523
3292,<22_4095>_524
3293,<22_4095>_525
3294,<22_4095>_526
3295,<22_4095>_527
3296,<22_4095>_528
3297,<22_4095>_529
3298,<22_4095>_530
3299,<22_4095>_531
3300,<22_4095>_532
3301,<22_4095>_533
3302,<22_4095>_534
3303,<22_4095>_535
3304,<22_4095>_536
3305,<22_4095>_537
3306,<22_4095>_538
3307,<22_3584>_0
3308,<22_3584>_1
3309,<22_3584>_2
3310,<22_3584>_3
3311,<22_3584>_4
3312,<22_3584>_5
3313,<22_3584>_6
3314,<22_3584>_7
3315,<22_3584>_8
3316,<22_3584>_9
3317,<22_3584>_10
3318,<22_3584>_11
3319,<22_3584>_12
3320,<22_3584>_13
3321,<22_3584>_14
3322,<22_3584>_15
3323,<22_3584>_16
3324,<22_3584>_17
3325,<22_3584>_18
3326,<22_3584>_19
3327,<22_3584>_20
3328,<22_3584>_21
3329,<22_3584>_22
3330,<22_3584>_23
3331,<22_3584>_24
3332,<22_3584>_25
3333,<22_3584>_26
3334,<22_3584>_27
3335,<22_3584>_28
3336,<22_3584>_29
3337,<22_3584>_30
3338,<22_3584>_31
3339,<22_3584>_32
3340,<22_3370>_0
3341,<22_3370>_1
3342,<22_3370>_2
3343,<22_3370>_3
3344,<22_3370>_4
3345,<22_3370>_5
3346,<22_3370>_6
3347,<22_3370>_7
3348,<22_3370>_8
3349,<22_3370>_9
3350,<22_3370>_10
3351,<22_3370>_11
3352,<22_3370>_12
3353,<22_3370>_13
3354,<22_3370>_14
3355,<22_3370>_15
3356,<22_3370>_16
3357,<22_3370>_17
3358,<22_3370>_18
3359,<22_3370>_19
3360,<22_3370>_20
3361,<22_3370>_21
3362,<22_3370>_22
3363,<22_3370>_23
3364,<22_3370>_24
3365,<22_3370>_25
3366,<22_3370>_26
3367,<22_3370>_27
3368,<22_3370>_28
3369,<22_3370>_29
3370,<22_3370>_30
3371,<22_3370>_31
3372,<22_3370>_32
3373,<22_3370>_33
3374,<22_3370>_34
3375,<22_3370>_35
3376,<22_3370>_36
3377,<22_3370>_37
3378,<22_3370>_38
3379,<22_3370>_39
3380,<22_3370>_40
3381,<22_3370>_41
3382,<22_3370>_42
3383,<22_3370>_43
3384,<22_3370>_44
3385,<22_3370>_45
3386,<22_3370>_46
3387,<22_3370>_47
3388,<22_3370>_48
3389,<22_3370>_49
3390,<22_3370>_50
3391,<22_3370>_51
3392,<22_3370>_52
3393,<22_3370>_53
3394,<22_3370>_54
3395,<22_3370>_55
3396,<22_3370>_56
3397,<22_3370>_57
3398,<22_3370>_58
3399,<22_3370>_59
3400,<22_3370>_60
3401,<22_3370>_61
3402,<22_3370>_62
3403,<22_3370>_63
3404,<22_3370>_64
3405,<22_3370>_65
3406,<22_3370>_66
3407,<22_3370>_67
3408,<22_3370>_68
3409,<22_3370>_69
3410,<22_3370>_70
3411,<22_3370>_71
3412,<22_3370>_72
3413,<22_3370>_73
3414,<22_3370>_74
3415,<22_3370>_75
3416,<22_3370>_76
3417,<22_3370>_77
3418,<22_3370>_78
3419,<22_3370>_79
3420,<22_3370>_80
3421,<22_3370>_81
3422,<22_3370>_82
3423,<22_3370>_83
3424,<22_3370>_84
3425,<22_3370>_85
3426,<22_3370>_86
3427,<22_3370>_87
3428,<22_3370>_88
3429,<22_3370>_89
3430,<22_3370>_90
3431,<22_3370>_91
3432,<22_3370>_92
3433,<22_3370>_93
3434,<22_3370>_94
3435,<22_3370>_95
3436,<22_3370>_96
3437,<22_3370>_97
3438,<22_3370>_98
3439,<22_3370>_99
3440,<22_3370>_100
3441,<22_3370>_101
3442,<22_3370>_102
3443,<22_3370>_103
3444,<22_3370>_104
3445,<22_3370>_105
3446,<22_3370>_106
3447,<22_3370>_107
3448,<22_3370>_108
3449,<22_3370>_109
3450,<22_3370>_110
3451,<22_3370>_111
3452,<22_3370>_112
3453,<22_3370>_113
3454,<22_3370>_114
3455,<22_3370>_115
3456,<22_3370>_116
3457,<22_3370>_117
3458,<22_3370>_118
3459,<22_3370>_119
3460,<22_3370>_120
3461,<22_3370>_121
3462,<22_3370>_122
3463,<22_3370>_123
3464,<22_3370>_124
3465,<22_3370>_125
3466,<22_3370>_126
3467,<22_3370>_127
3468,<22_3370>_128
3469,<22_3370>_129
3470,<22_3370>_130
3471,<22_3370>_131
3472,<22_3370>_132
3473,<22_3370>_133
3474,<22_3370>_134
3475,<22_3370>_135
3476,<22_3370>_136
3477,<22_3370>_137
3478,<22_3370>_138
3479,<22_3370>_139
3480,<22_3370>_140
3481,<22_3370>_141
3482,<22_3370>_142
3483,<22_3370>_143
3484,<22_3370>_144
3485,<22_3370>_145
3486,<22_3370>_146
3487,<22_3370>_147
3488,<22_3370>_148
3489,<22_3370>_149
3490,<22_3370>_150
3491,<22_3370>_151
3492,<22_3370>_152
3493,<22_3370>_153
3494,<22_3370>_154
3495,<22_3370>_155
3496,<22_3370>_156
3497,<22_3370>_157
3498,<22_3370>_158
3499,<22_3370>_159
3500,<22_3370>_160
3501,<22_3370>_161
3502,<22_3370>_162
3503,<22_3370>_163
3504,<22_3370>_164
3505,<22_3370>_165
3506,<22_3370>_166
3507,<22_3370>_167
3508,<22_3370>_168
3509,<22_3370>_169
3510,<22_3370>_170
3511,<22_3370>_171
3512,<22_3370>_172
3513,<22_3370>_173
3514,<22_3370>_174
3515,<22_3370>_175
3516,<22_3370>_176
3517,<22_3370>_177
3518,<22_3370>_178
3519,<22_3370>_179
3520,<22_3370>_180
3521,<22_3370>_181
3522,<22_3370>_182
3523,<22_3370>_183
3524,<22_3370>_184
3525,<22_3370>_185
3526,<22_3370>_186
3527,<22_3370>_187
3528,<22_3370>_188
3529,<22_3370>_189
3530,<22_3370>_190
3531,<22_3370>_191
3532,<22_3370>_192
3533,<22_3370>_193
3534,<22_3370>_194
3535,<22_3370>_195
3536,<22_3370>_196
3537,<22_3370>_197
3538,<22_3370>_198
3539,<22_3370>_199
3540,<22_3370>_200
3541,<22_3370>_201
3542,<22_3370>_202
3543,<22_3370>_203
3544,<22_3370>_204
3545,<22_3370>_205
3546,<22_3370>_206
3547,<22_3370>_207
3548,<22_3370>_208
3549,<22_3370>_209
3550,<22_3370>_210
3551,<22_3370>_211
3552,<22_3370>_212
3553,<22_3370>_213
3554,<22_3370>_214
3555,<22_3370>_215
3556,<22_3370>_216
3557,<22_3370>_217
3558,<22_3370>_218
3559,<22_3370>_219
3560,<22_3370>_220
3561,<22_3370>_221
3562,<22_3370>_222
3563,<22_3370>_223
3564,<22_3370>_224
3565,<22_3370>_225
3566,<22_3370>_226
3567,<22_3370>_227
3568,<22_3370>_228
3569,<22_3370>_229
3570,<22_3370>_230
3571,<22_3370>_231
3572,<22_3370>_232
3573,<22_3370>_233
3574,<22_3370>_234
3575,<22_3370>_235
3576,<22_3370>_236
3577,<22_3370>_237
3578,<22_3370>_238
3579,<22_3370>_239
3580,<22_3370>_240
3581,<22_3370>_241
3582,<22_3370>_242
3583,<22_3370>_243
3584,<22_3370>_244
3585,<22_3370>_245
3586,<22_3370>_246
3587,<22_3370>_247
3588,<22_3370>_248
3589,<22_3370>_249
3590,<22_3370>_250
3591,<22_3370>_251
3592,<22_3370>_252
3593,<22_3370>_253
3594,<22_3370>_254
3595,<22_3370>_255
3596,<22_3370>_256
3597,<22_3370>_257
3598,<22_3370>_258
3599,<22_3370>_259
3600,<22_3370>_260
3601,<22_3370>_261
3602,<22_3370>_262
3603,<22_3370>_263
3604,<22_3370>_264
3605,<22_3370>_265
3606,<22_3370>_266
3607,<22_3370>_267
3608,<22_3370>_268
3609,<22_3370>_269
3610,<22_3370>_270
3611,<22_3370>_271
3612,<22_3370>_272
3613,<22_3370>_273
3614,<22_3370>_274
3615,<22_3370>_275
3616,<22_3370>_276
3617,<22_3370>_277
3618,<22_3370>_278
3619,<22_3370>_279
3620,<22_3370>_280
3621,<22_3370>_281
3622,<22_3370>_282
3623,<22_3370>_283
3624,<22_3370>_284
3625,<22_3370>_285
3626,<22_3370>_286
3627,<22_3370>_287
3628,<22_3370>_288
3629,<22_3370>_289
3630,<22_3370>_290
3631,<22_3370>_291
3632,<22_3370>_292
3633,<22_3370>_293
3634,<22_3370>_294
3635,<22_3370>_295
3636,<22_3370>_296
3637,<22_3370>_297
3638,<22_3370>_298
3639,<22_3370>_299
3640,<22_3370>_300
3641,<22_3370>_301
3642,<22_3370>_302
3643,<22_3370>_303
3644,<22_3370>_304
3645,<22_3370>_305
3646,<22_3370>_306
3647,<22_3370>_307
3648,<22_3370>_308
3649,<22_3370>_309
3650,<22_3370>_310
3651,<22_3370>_311
3652,<22_3370>_312
3653,<22_3370>_313
3654,<22_3370>_314
3655,<22_3370>_315
3656,<22_3370>_316
3657,<22_3370>_317
3658,<22_3370>_318
3659,<22_3370>_319
3660,<22_3370>_320
3661,<22_3370>_321
3662,<22_3370>_322
3663,<22_3370>_323
3664,<22_3370>_324
3665,<22_3370>_325
3666,<22_3370>_326
3667,<22_3370>_327
3668,<22_3370>_328
3669,<22_3370>_329
3670,<22_3370>_330
3671,<22_3370>_331
3672,<22_3370>_332
3673,<22_3370>_333
3674,<22_3370>_334
3675,<22_3370>_335
3676,<22_3370>_336
3677,<22_3370>_337
3678,<22_3370>_338
3679,<22_3370>_339
3680,<22_3370>_340
3681,<22_3370>_341
3682,<22_3370>_342
3683,<22_3370>_343
3684,<22_3370>_344
3685,<22_3370>_345
3686,<22_3370>_346
3687,<22_3370>_347
3688,<22_3370>_348
3689,<22_3370>_349
3690,<22_3370>_350
3691,<22_3370>_351
3692,<22_3370>_352
3693,<22_3370>_353
3694,<22_3370>_354
3695,<22_3370>_355
3696,<22_3370>_356
3697,<22_3370>_357
3698,<22_3370>_358
3699,<22_3370>_359
3700,<22_3370>_360
3701,<22_3370>_361
3702,<22_3370>_362
3703,<22_3370>_363
3704,<22_3370>_364
3705,<22_3370>_365
3706,<22_3370>_366
3707,<22_3370>_367
3708,<22_3370>_368
3709,<22_3370>_369
3710,<22_3370>_370
3711,<22_3370>_371
3712,<22_3370>_372
3713,<22_3370>_373
3714,<22_3370>_374
3715,<22_3370>_375
3716,<22_3370>_376
3717,<22_3370>_377
3718,<22_3370>_378
3719,<22_3370>_379
3720,<22_3370>_380
3721,<22_3370>_381
3722,<22_3370>_382
3723,<22_3370>_383
3724,<22_3370>_384
3725,<22_3370>_385
3726,<22_3370>_386
3727,<22_3370>_387
3728,<22_3370>_388
3729,<22_3370>_389
3730,<22_3370>_390
3731,<22_3370>_391
3732,<22_3370>_392
3733,<22_3370>_393
3734,<22_3370>_394
3735,<22_3370>_395
3736,<22_3370>_396
3737,<22_3370>_397
3738,<22_3370>_398
3739,<22_3370>_399
3740,<22_3370>_400
3741,<22_3370>_401
3742,<22_3370>_402
3743,<22_3370>_403
3744,<22_3370>_404
3745,<22_3370>_405
3746,<22_3370>_406
3747,<22_3370>_407
3748,<22_2990>_0
3749,<22_2990>_1
3750,<22_2990>_2
3751,<22_2990>_3
3752,<22_2990>_4
3753,<22_2990>_5
3754,<22_2990>_6
3755,<22_2990>_7
3756,<22_2990>_8
3757,<22_2990>_9
3758,<22_2990>_10
3759,<22_2990>_11
3760,<22_2990>_12
3761,<22_2990>_13
3762,<22_2990>_14
3763,<22_2990>_15
3764,<22_2990>_16
3765,<22_2990>_17
3766,<22_2990>_18
3767,<16_3799>_0
3768,<16_3799>_1
3769,<16_3799>_2
3770,<16_3799>_3
3771,<16_3799>_4
3772,<16_3799>_5
3773,<16_3799>_6
3774,<16_3799>_7
3775,<16_3799>_8
3776,<16_3799>_9
3777,<16_3799>_10
3778,<16_3799>_11
3779,<16_3799>_12
3780,<16_3799>_13
3781,<16_3799>_14
3782,<16_3799>_15
3783,<16_3799>_16
3784,<16_3799>_17
3785,<16_3799>_18
3786,<16_3799>_19
3787,<16_3799>_20
3788,<16_3799>_21
3789,<16_3799>_22
3790,<16_3799>_23
3791,<16_3799>_24
3792,<16_3799>_25
3793,<16_3799>_26
3794,<16_3799>_27
3795,<16_3799>_28
3796,<16_3799>_29
3797,<16_3799>_30
3798,<16_3799>_31
3799,<16_3799>_32
3800,<16_3799>_33
3801,<16_3799>_34
3802,<16_3799>_35
3803,<16_3799>_36
3804,<16_3799>_37
3805,<16_3799>_38
3806,<16_3799>_39
3807,<16_3799>_40
3808,<16_3799>_41
3809,<16_3799>_42
3810,<16_3799>_43
3811,<16_3799>_44
3812,<16_3799>_45
3813,<16_3799>_46
3814,<16_3799>_47
3815,<16_3799>_48
3816,<16_3799>_49
3817,<16_3799>_50
3818,<16_3799>_51
3819,<16_3799>_52
3820,<16_3799>_53
3821,<16_3799>_54
3822,<16_3799>_55
3823,<16_3799>_56
3824,<16_3799>_57
3825,<16_3799>_58
3826,<16_3799>_59
3827,<16_3799>_60
3828,<16_3799>_61
3829,<16_3799>_62
3830,<16_3799>_63
3831,<16_3799>_64
3832,<16_3799>_65
3833,<16_3799>_66
3834,<16_3799>_67
3835,<16_3799>_68
3836,<16_3799>_69
3837,<16_3799>_70
3838,<16_3799>_71
3839,<16_3799>_72
3840,<16_3799>_73
3841,<16_3799>_74
3842,<16_3799>_75
3843,<16_3799>_76
3844,<16_3799>_77
3845,<16_3799>_78
3846,<16_3799>_79
3847,<16_3799>_80
3848,<16_3799>_81
3849,<16_3799>_82
3850,<16_3799>_83
3851,<16_3799>_84
3852,<16_3799>_85
3853,<16_3799>_86
3854,<16_3799>_87
3855,<16_3799>_88
3856,<16_3799>_89
3857,<16_3799>_90
3858,<16_3799>_91
3859,<16_3799>_92
3860,<16_3799>_93
3861,<16_3799>_94
3862,<16_3799>_95
3863,<16_3799>_96
3864,<16_3799>_97
3865,<16_3799>_98
3866,<16_3799>_99
3867,<16_3799>_100
3868,<16_3799>_101
3869,<16_3799>_102
3870,<16_3799>_103
3871,<16_3799>_104
3872,<16_3799>_105
3873,<16_3799>_106
3874,<16_3799>_107
3875,<16_3799>_108
3876,<16_3799>_109
3877,<16_3799>_110
3878,<16_3799>_111
3879,<16_3799>_112
3880,<16_3799>_113
3881,<16_3799>_114
3882,<16_3799>_115
3883,<16_3799>_116
3884,<16_3799>_117
3885,<16_3799>_118
3886,<16_3799>_119
3887,<16_3799>_120
3888,<16_3799>_121
3889,<16_3799>_122
3890,<16_3799>_123
3891,<16_3799>_124
3892,<16_3799>_125
3893,<16_3799>_126
3894,<16_3799>_127
3895,<16_3799>_128
3896,<16_3799>_129
3897,<16_3799>_130
3898,<16_3799>_131
3899,<16_3799>_132
3900,<16_3799>_133
3901,<16_3799>_134
3902,<16_3799>_135
3903,<16_3799>_136
3904,<16_3799>_137
3905,<16_3799>_138
3906,<16_3799>_139
3907,<16_3799>_140
3908,<16_3799>_141
3909,<16_3799>_142
3910,<16_3799>_143
3911,<16_3799>_144
3912,<16_3799>_145
3913,<16_3799>_146
3914,<16_3799>_147
3915,<16_3799>_148
3916,<16_3799>_149
3917,<16_3799>_150
3918,<16_3799>_151
3919,<16_3799>_152
3920,<16_3799>_153
3921,<16_3799>_154
3922,<16_3799>_155
3923,<16_3799>_156
3924,<16_3799>_157
3925,<16_3799>_158
3926,<16_3799>_159
3927,<16_3799>_160
3928,<16_3799>_161
3929,<16_3799>_162
3930,<16_3799>_163
3931,<16_3799>_164
3932,<16_3799>_165
3933,<16_3799>_166
3934,<16_3799>_167
3935,<16_3799>_168
3936,<16_3799>_169
3937,<16_3799>_170
3938,<16_3799>_171
3939,<16_3799>_172
3940,<16_3799>_173
3941,<16_3799>_174
3942,<16_3799>_175
3943,<16_3799>_176
3944,<16_3799>_177
3945,<16_3799>_178
3946,<16_3799>_179
3947,<16_3799>_180
3948,<16_3799>_181
3949,<16_3799>_182
3950,<16_3799>_183
3951,<16_3799>_184
3952,<16_3799>_185
3953,<16_3799>_186
3954,<16_3799>_187
3955,<16_3799>_188
3956,<16_3799>_189
3957,<16_3799>_190
3958,<16_3799>_191
3959,<16_3799>_192
3960,<16_3799>_193
3961,<16_3799>_194
3962,<16_3799>_195
3963,<16_3799>_196
3964,<16_3799>_197
3965,<16_3799>_198
3966,<16_3799>_199
3967,<16_3799>_200
3968,<16_3799>_201
3969,<16_3799>_202
3970,<16_3799>_203
3971,<16_3799>_204
3972,<16_3799>_205
3973,<16_3799>_206
3974,<16_3799>_207
3975,<16_3799>_208
3976,<16_3799>_209
3977,<16_3799>_210
3978,<16_3799>_211
3979,<16_3799>_212
3980,<16_3799>_213
3981,<16_3799>_214
3982,<16_3799>_215
3983,<16_3799>_216
3984,<16_3799>_217
3985,<16_3799>_218
3986,<16_3799>_219
3987,<16_3799>_220
3988,<16_3799>_221
3989,<16_3799>_222
3990,<16_3799>_223
3991,<16_3799>_224
3992,<16_3799>_225
3993,<16_3799>_226
3994,<16_3799>_227
3995,<16_3799>_228
3996,<16_3799>_229
3997,<16_3799>_230
3998,<16_3799>_231
3999,<16_3799>_232
4000,<16_3799>_233
4001,<16_3799>_234
4002,<16_3799>_235
4003,<16_3799>_236
4004,<16_3799>_237
4005,<16_3799>_238
4006,<16_3799>_239
4007,<16_3799>_240
4008,<16_3799>_241
4009,<16_3799>_242
4010,<16_3799>_243
4011,<16_3799>_244
4012,<16_3799>_245
4013,<16_3799>_246
4014,<16_3799>_247
4015,<16_3799>_248
4016,<16_3799>_249
4017,<16_3799>_250
4018,<16_3799>_251
4019,<16_3799>_252
4020,<16_3799>_253
4021,<16_3799>_254
4022,<16_3799>_255
4023,<16_3799>_256
4024,<16_3799>_257
4025,<16_3799>_258
4026,<16_3799>_259
4027,<16_3799>_260
4028,<16_3799>_261
4029,<16_3799>_262
4030,<16_3799>_263
4031,<16_3799>_264
4032,<16_3799>_265
4033,<16_3799>_266
4034,<16_3799>_267
4035,<16_3799>_268
4036,<16_3799>_269
4037,<16_3799>_270
4038,<16_3799>_271
4039,<16_3799>_272
4040,<16_3799>_273
4041,<16_3799>_274
4042,<16_3799>_275
4043,<16_3799>_276
4044,<16_3799>_277
4045,<16_3799>_278
4046,<16_3799>_279
4047,<16_3799>_280
4048,<16_3799>_281
4049,<16_3799>_282
4050,<16_3799>_283
4051,<16_3799>_284
4052,<16_3799>_285
4053,<16_3799>_286
4054,<16_3799>_287
4055,<16_3799>_288
4056,<16_3799>_289
4057,<16_3799>_290
4058,<16_3799>_291
4059,<16_3799>_292
4060,<16_3799>_293
4061,<16_3799>_294
4062,<16_3799>_295
4063,<16_3799>_296
4064,<16_3799>_297
4065,<16_3799>_298
4066,<16_3799>_299
4067,<16_3799>_300
4068,<16_3799>_301
4069,<16_3799>_302
4070,<16_3799>_303
4071,<16_3799>_304
4072,<16_3799>_305
4073,<16_3799>_306
4074,<16_3799>_307
4075,<16_3799>_308
4076,<16_3799>_309
4077,<16_3799>_310
4078,<16_3799>_311
4079,<16_3799>_312
4080,<16_3799>_313
4081,<16_3799>_314
4082,<16_3799>_315
4083,<16_3799>_316
4084,<16_3799>_317
4085,<16_3799>_318
4086,<16_3799>_319
4087,<16_3799>_320
4088,<16_3799>_321
4089,<16_3799>_322
4090,<16_3799>_323
4091,<16_3799>_324
4092,<16_3799>_325
4093,<16_3799>_326
4094,<16_3799>_327
4095,<16_3799>_328
4096,<16_3799>_329
4097,<16_3799>_330
4098,<16_3799>_331
4099,<16_3799>_332
4100,<16_3799>_333
4101,<16_3799>_334
4102,<16_3799>_335
4103,<16_3799>_336
4104,<16_3799>_337
4105,<16_3799>_338
4106,<16_3799>_339
4107,<16_3799>_340
4108,<16_3799>_341
4109,<16_3799>_342
4110,<16_3799>_343
4111,<16_3799>_344
4112,<16_3799>_345
4113,<16_3799>_346
4114,<16_3799>_347
4115,<16_3799>_348
4116,<16_3799>_349
4117,<16_3799>_350
4118,<16_3799>_351
4119,<16_3799>_352
4120,<16_3799>_353
4121,<16_3799>_354
4122,<16_3799>_355
4123,<16_3799>_356
4124,<16_3799>_357
4125,<16_3799>_358
4126,<16_3799>_359
4127,<16_3799>_360
4128,<16_3799>_361
4129,<16_3799>_362
4130,<16_3799>_363
4131,<16_3799>_364
4132,<16_3799>_365
4133,<16_3799>_366
4134,<16_3799>_367
4135,<16_3799>_368
4136,<16_3799>_369
4137,<16_3799>_370
4138,<16_3799>_371
4139,<16_3799>_372
4140,<16_3799>_373
4141,<16_3799>_374
4142,<16_3799>_375
4143,<16_3799>_376
4144,<16_3799>_377
4145,<16_3799>_378
4146,<16_3799>_379
4147,<16_3799>_380
4148,<16_3799>_381
4149,<16_3799>_382
4150,<16_3799>_383
4151,<16_3799>_384
4152,<16_3799>_385
4153,<16_3799>_386
4154,<16_3799>_387
4155,<16_3799>_388
4156,<16_3799>_389
4157,<16_3799>_390
4158,<16_3799>_391
4159,<16_3799>_392
4160,<16_3799>_393
4161,<16_3799>_394
4162,<16_3799>_395
4163,<16_3799>_396
4164,<16_3799>_397
4165,<16_3799>_398
4166,<16_3799>_399
4167,<16_3799>_400
4168,<16_3799>_401
4169,<16_3799>_402
4170,<16_3799>_403
4171,<16_3799>_404
4172,<16_3799>_405
4173,<16_3799>_406
4174,<16_3799>_407
4175,<16_3799>_408
4176,<16_3799>_409
4177,<16_3799>_410
4178,<16_3799>_411
4179,<16_3799>_412
4180,<16_3799>_413
4181,<16_3799>_414
4182,<16_3799>_415
4183,<16_3799>_416
4184,<16_3799>_417
4185,<16_3799>_418
4186,<16_3799>_419
4187,<16_3799>_420
4188,<16_3799>_421
4189,<16_3799>_422
4190,<16_3799>_423
4191,<16_3799>_424
4192,<16_3799>_425
4193,<16_3799>_426
4194,<16_3799>_427
4195,<16_3799>_428
4196,<16_3799>_429
4197,<16_3799>_430
4198,<16_3799>_431
4199,<16_3799>_432
4200,<16_3799>_433
4201,<16_3799>_434
4202,<16_3799>_435
4203,<16_3799>_436
4204,<16_3799>_437
4205,<16_3799>_438
4206,<16_3799>_439
4207,<16_3799>_440
4208,<16_3799>_441
4209,<16_3799>_442
4210,<16_3799>_443
4211,<16_3799>_444
4212,<16_3799>_445
4213,<16_3799>_446
4214,<16_3799>_447
4215,<16_3799>_448
4216,<16_3799>_449
4217,<16_3799>_450
4218,<16_3799>_451
4219,<16_3799>_452
4220,<16_3799>_453
4221,<16_3799>_454
4222,<16_3799>_455
4223,<16_3799>_456
4224,<16_3799>_457
4225,<16_3799>_458
4226,<16_3799>_459
4227,<16_3799>_460
4228,<16_3799>_461
4229,<16_3799>_462
4230,<16_3799>_463
4231,<16_3799>_464
4232,<16_3799>_465
4233,<16_3799>_466
4234,<16_3799>_467
4235,<16_3799>_468
4236,<16_3799>_469
4237,<16_3799>_470
4238,<16_3799>_471
4239,<16_3799>_472
4240,<16_3799>_473
4241,<16_3799>_474
4242,<16_3799>_475
4243,<16_3799>_476
4244,<16_3799>_477
4245,<16_3799>_478
4246,<16_3799>_479
4247,<16_3799>_480
4248,<16_3799>_481
4249,<16_3799>_482
4250,<16_3799>_483
4251,<16_3799>_484
4252,<16_3799>_485
4253,<16_3799>_486
4254,<16_3799>_487
4255,<16_3799>_488
4256,<16_3799>_489
4257,<16_3799>_490
4258,<16_3799>_491
4259,<16_3799>_492
4260,<16_3799>_493
4261,<16_3799>_494
4262,<16_3799>_495
4263,<16_3799>_496
4264,<16_3799>_497
4265,<16_3799>_498
4266,<16_3799>_499
4267,<16_3799>_500
4268,<16_3799>_501
4269,<16_3799>_502
4270,<16_3799>_503
4271,<16_3799>_504
4272,<16_3799>_505
4273,<16_3799>_506
4274,<16_3799>_507
4275,<16_3799>_508
4276,<16_3799>_509
4277,<16_3799>_510
4278,<16_3799>_511
4279,<16_3799>_512
4280,<16_3799>_513
4281,<16_3799>_514
4282,<16_3799>_515
4283,<16_3799>_516
4284,<16_3799>_517
4285,<16_3799>_518
4286,<16_3799>_519
4287,<16_3799>_520
4288,<16_3799>_521
4289,<16_3799>_522
4290,<16_3799>_523
4291,<16_3799>_524
4292,<16_3799>_525
4293,<16_3799>_526
4294,<16_3799>_527
4295,<16_3799>_528
4296,<16_3799>_529
4297,<16_3799>_530
4298,<16_3799>_531
4299,<16_3799>_532
4300,<16_3799>_533
4301,<16_3799>_534
4302,<16_3799>_535
4303,<16_3799>_536
4304,<16_3799>_537
4305,<16_3799>_538
4306,<16_3799>_539
4307,<16_3799>_540
4308,<16_3799>_541
4309,<16_3799>_542
4310,<16_3799>_543
4311,<16_3799>_544
4312,<16_3799>_545
4313,<16_3799>_546
4314,<16_3799>_547
4315,<16_3799>_548
4316,<16_3799>_549
4317,<16_3799>_550
4318,<16_3799>_551
4319,<16_3799>_552
4320,<16_3799>_553
4321,<16_3799>_554
4322,<16_3799>_555
4323,<16_3799>_556
4324,<16_3799>_557
4325,<16_3799>_558
4326,<16_3799>_559
4327,<16_3799>_560
4328,<16_3799>_561
4329,<16_3799>_562
4330,<16_3799>_563
4331,<16_3799>_564
4332,<16_3799>_565
4333,<16_3799>_566
4334,<16_3799>_567
4335,<16_3799>_568
4336,<16_3799>_569
4337,<16_3799>_570
4338,<16_3799>_571
4339,<16_3799>_572
4340,<16_3799>_573
4341,<16_3799>_574
4342,<16_3799>_575
4343,<16_3799>_576
4344,<16_3799>_577
4345,<16_3799>_578
4346,<16_3799>_579
4347,<16_3799>_580
4348,<16_3799>_581
4349,<16_3799>_582
4350,<16_3799>_583
4351,<16_3799>_584
4352,<16_3799>_585
4353,<16_3799>_586
4354,<16_3799>_587
4355,<16_3799>_588
4356,<16_3799>_589
4357,<16_3799>_590
4358,<16_3799>_591
4359,<16_3799>_592
4360,<16_3799>_593
4361,<16_3799>_594
4362,<16_3799>_595
4363,<16_3799>_596
4364,<16_3799>_597
4365,<16_3799>_598
4366,<16_3799>_599
4367,<16_3799>_600
4368,<16_3799>_601
4369,<16_3799>_602
4370,<16_3799>_603
4371,<16_3799>_604
4372,<16_3799>_605
4373,<16_3799>_606
4374,<16_3799>_607
4375,<16_3799>_608
4376,<16_3799>_609
4377,<16_3799>_610
4378,<16_3799>_611
4379,<16_3799>_612
4380,<16_3799>_613
4381,<16_3799>_614
4382,<16_3799>_615
4383,<16_3799>_616
4384,<16_3799>_617
4385,<16_3799>_618
4386,<16_3799>_619
4387,<16_3799>_620
4388,<16_3799>_621
4389,<16_3799>_622
4390,<16_3799>_623
4391,<16_3799>_624
4392,<16_3799>_625
4393,<16_3799>_626
4394,<16_3799>_627
4395,<16_3799>_628
4396,<16_3799>_629
4397,<16_3799>_630
4398,<16_3799>_631
4399,<16_3799>_632
4400,<16_3799>_633
4401,<16_3799>_634
4402,<16_3799>_635
4403,<16_3799>_636
4404,<16_3799>_637
4405,<16_3799>_638
4406,<16_3799>_639
4407,<16_3799>_640
4408,<16_3799>_641
4409,<16_3799>_642
4410,<16_3799>_643
4411,<16_3799>_644
4412,<16_3799>_645
4413,<16_3799>_646
4414,<16_3799>_647
4415,<16_3799>_648
4416,<16_3799>_649
4417,<16_3799>_650
4418,<16_3799>_651
4419,<16_3799>_652
4420,<16_3799>_653
4421,<16_3799>_654
4422,<16_3799>_655
4423,<16_3799>_656
4424,<16_3799>_657
4425,<16_3799>_658
4426,<16_3799>_659
4427,<16_3799>_660
4428,<16_3799>_661
4429,<16_3799>_662
4430,<16_3799>_663
4431,<16_3799>_664
4432,<16_3799>_665
4433,<16_3799>_666
4434,<16_3799>_667
4435,<16_3799>_668
4436,<16_3799>_669
4437,<16_3799>_670
4438,<16_3799>_671
4439,<16_3799>_672
4440,<16_3799>_673
4441,<16_3799>_674
4442,<16_3799>_675
4443,<16_3799>_676
4444,<16_3799>_677
4445,<16_3799>_678
4446,<16_3799>_679
4447,<16_3799>_680
4448,<16_3799>_681
4449,<16_3799>_682
4450,<16_3799>_683
4451,<16_3799>_684
4452,<16_3799>_685
4453,<16_3799>_686
4454,<16_3799>_687
4455,<16_3799>_688
4456,<16_3799>_689
4457,<16_3799>_690
4458,<16_3799>_691
4459,<16_3799>_692
4460,<16_3799>_693
4461,<16_3799>_694
4462,<16_3799>_695
4463,<16_3799>_696
4464,<16_3799>_697
4465,<16_3799>_698
4466,<16_3799>_699
4467,<16_3799>_700
4468,<16_3799>_701
4469,<16_3799>_702
4470,<16_3799>_703
4471,<16_3799>_704
4472,<16_3799>_705
4473,<16_3799>_706
4474,<16_3799>_707
4475,<16_3799>_708
4476,<16_3799>_709
4477,<16_3799>_710
4478,<16_3799>_711
4479,<16_3799>_712
4480,<16_3799>_713
4481,<16_3799>_714
4482,<16_3799>_715
4483,<16_3799>_716
4484,<16_3799>_717
4485,<16_3799>_718
4486,<16_3799>_719
4487,<16_3799>_720
4488,<16_3799>_721
4489,<16_3799>_722
4490,<16_3799>_723
4491,<16_3799>_724
4492,<16_3799>_725
4493,<16_3799>_726
4494,<16_3799>_727
4495,<16_3799>_728
4496,<16_3799>_729
4497,<16_3799>_730
4498,<16_3799>_731
4499,<16_3799>_732
4500,<16_3799>_733
4501,<16_3799>_734
4502,<16_3799>_735
4503,<16_3799>_736
4504,<23_1121>_0
4505,<23_1121>_1
4506,<23_1121>_2
4507,<23_1121>_3
4508,<23_1121>_4
4509,<23_1121>_5
4510,<23_1121>_6
4511,<23_1121>_7
4512,<23_1121>_8
4513,<23_1121>_9
4514,<23_1121>_10
4515,<23_1121>_11
4516,<23_1121>_12
4517,<23_1121>_13
4518,<23_1121>_14
4519,<23_1121>_15
4520,<23_1121>_16
4521,<23_1121>_17
4522,<23_1121>_18
4523,<23_1121>_19
4524,<23_1121>_20
4525,<23_1121>_21
4526,<23_1121>_22
4527,<23_1121>_23
4528,<23_1121>_24
4529,<23_1121>_25
4530,<23_1121>_26
4531,<23_1121>_27
4532,<23_1121>_28
4533,<23_1121>_29
4534,<23_1121>_30
4535,<23_1121>_31
4536,<23_1121>_32
4537,<23_1121>_33
4538,<23_1121>_34
4539,<23_1121>_35
4540,<23_1121>_36
4541,<23_1121>_37
4542,<23_1121>_38
4543,<23_1121>_39
4544,<23_1121>_40
4545,<23_1121>_41
4546,<23_1121>_42
4547,<23_1121>_43
4548,<23_1121>_44
4549,<23_1121>_45
4550,<23_1121>_46
4551,<23_1121>_47
4552,<23_1121>_48
4553,<23_1121>_49
4554,<23_1121>_50
4555,<23_1121>_51
4556,<23_1121>_52
4557,<23_1121>_53
4558,<23_1121>_54
4559,<23_1121>_55
4560,<23_1121>_56
4561,<23_1121>_57
4562,<23_1121>_58
4563,<23_1121>_59
4564,<23_1121>_60
4565,<23_1121>_61
4566,<23_1121>_62
4567,<23_1121>_63
4568,<23_1121>_64
4569,<23_1121>_65
4570,<23_1121>_66
4571,<23_1121>_67
4572,<23_1121>_68
4573,<23_1121>_69
4574,<23_1121>_70
4575,<23_1121>_71
4576,<23_1121>_72
4577,<23_1121>_73
4578,<23_1121>_74
4579,<23_1121>_75
4580,<23_1121>_76
4581,<23_1121>_77
4582,<23_1121>_78
4583,<22_3501>_0
4584,<22_3501>_1
4585,<22_3501>_2
4586,<22_3501>_3
4587,<22_3501>_4
4588,<22_3501>_5
4589,<22_3501>_6
4590,<22_3501>_7
4591,<22_3501>_8
4592,<22_3501>_9
4593,<22_3501>_10
4594,<22_3501>_11
4595,<22_3501>_12
4596,<22_3501>_13
4597,<22_3501>_14
4598,<22_3501>_15
4599,<22_3501>_16
4600,<22_3501>_17
4601,<22_3501>_18
4602,<22_3501>_19
4603,<22_3501>_20
4604,<22_3501>_21
4605,<22_3501>_22
4606,<22_3501>_23
4607,<22_3501>_24
4608,<22_3501>_25
4609,<22_3501>_26
4610,<22_3501>_27
4611,<22_3501>_28
4612,<22_3501>_29
4613,<22_3501>_30
4614,<22_3501>_31
4615,<22_3501>_32
4616,<22_3501>_33
4617,<22_3501>_34
4618,<22_3501>_35
4619,<22_3501>_36
4620,<22_3501>_37
4621,<22_3501>_38
4622,<22_3501>_39
4623,<22_3501>_40
4624,<22_3501>_41
4625,<22_3501>_42
4626,<22_3501>_43
4627,<22_3501>_44
4628,<22_3501>_45
4629,<22_3501>_46
4630,<22_3501>_47
4631,<22_3501>_48
4632,<22_3501>_49
4633,<22_3501>_50
4634,<22_3501>_51
4635,<22_3501>_52
4636,<22_3501>_53
4637,<22_3501>_54
4638,<22_3501>_55
4639,<22_3501>_56
4640,<22_3501>_57
4641,<22_3501>_58
4642,<22_3501>_59
4643,<22_3501>_60
4644,<22_3501>_61
4645,<22_3501>_62
4646,<22_3501>_63
4647,<22_3501>_64
4648,<22_3501>_65
4649,<22_3501>_66
4650,<22_3501>_67
4651,<22_3501>_68
4652,<22_3501>_69
4653,<22_3501>_70
4654,<22_3501>_71
4655,<22_3501>_72
4656,<22_3501>_73
4657,<22_3501>_74
4658,<22_3501>_75
4659,<22_3501>_76
4660,<22_3501>_77
4661,<22_3501>_78
4662,<22_3501>_79
4663,<22_3501>_80
4664,<22_3501>_81
4665,<22_3501>_82
4666,<22_3501>_83
4667,<22_3501>_84
4668,<22_3501>_85
4669,<22_3501>_86
4670,<22_3501>_87
4671,<22_3501>_88
4672,<22_3501>_89
4673,<22_3501>_90
4674,<22_3501>_91
4675,<22_3501>_92
4676,<22_3501>_93
4677,<22_3501>_94
4678,<22_3501>_95
4679,<22_3501>_96
4680,<22_3501>_97
4681,<22_3501>_98
4682,<22_3501>_99
4683,<22_3501>_100
4684,<22_3501>_101
4685,<22_3501>_102
4686,<22_3501>_103
4687,<22_3501>_104
4688,<22_3501>_105
4689,<22_3501>_106
4690,<22_3501>_107
4691,<22_3501>_108
4692,<22_3501>_109
4693,<22_3501>_110
4694,<22_3501>_111
4695,<22_3501>_112
4696,<22_3501>_113
4697,<22_3501>_114
4698,<22_3501>_115
4699,<22_3501>_116
4700,<22_3501>_117
4701,<18_4945>_0
4702,<18_4945>_1
4703,<18_4945>_2
4704,<18_4945>_3
4705,<18_4945>_4
4706,<18_4945>_5
4707,<18_4945>_6
4708,<18_4945>_7
4709,<18_4945>_8
4710,<18_4945>_9
4711,<18_4945>_10
4712,<18_4945>_11
4713,<18_4945>_12
4714,<18_4945>_13
4715,<18_4945>_14
4716,<18_4945>_15
4717,<18_4945>_16
4718,<18_4945>_17
4719,<18_4945>_18
4720,<18_4945>_19
4721,<18_4945>_20
4722,<18_4945>_21
4723,<18_4945>_22
4724,<18_4945>_23
4725,<18_4945>_24
4726,<18_4945>_25
4727,<18_4945>_26
4728,<18_4945>_27
4729,<18_4945>_28
4730,<18_4945>_29
4731,<18_4945>_30
4732,<18_4945>_31
4733,<18_4945>_32
4734,<18_4945>_33
4735,<18_4945>_34
4736,<18_4945>_35
4737,<18_4945>_36
4738,<18_4945>_37
4739,<18_4945>_38
4740,<18_4945>_39
4741,<18_4945>_40
4742,<18_4945>_41
4743,<18_4945>_42
4744,<18_4945>_43
4745,<18_4945>_44
4746,<18_4945>_45
4747,<18_4945>_46
4748,<18_4945>_47
4749,<18_4945>_48
4750,<18_4945>_49
4751,<18_4945>_50
4752,<18_4945>_51
4753,<18_4945>_52
4754,<18_4945>_53
4755,<18_4945>_54
4756,<18_4945>_55
4757,<18_4945>_56
4758,<18_4945>_57
4759,<18_4945>_58
4760,<18_4945>_59
4761,<18_4945>_60
4762,<18_4945>_61
4763,<18_4945>_62
4764,<18_4945>_63
4765,<18_4945>_64
4766,<18_4945>_65
4767,<18_4945>_66
4768,<18_4945>_67
4769,<18_4945>_68
4770,<18_4945>_69
4771,<18_4945>_70
4772,<18_4945>_71
4773,<18_4945>_72
4774,<18_4945>_73
4775,<18_4945>_74
4776,<18_4945>_75
4777,<18_4945>_76
4778,<18_4945>_77
4779,<18_4945>_78
4780,<18_4945>_79
4781,<18_4945>_80
4782,<18_4945>_81
4783,<18_4945>_82
4784,<18_4945>_83
4785,<18_4945>_84
4786,<18_4945>_85
4787,<18_4945>_86
4788,<18_4945>_87
4789,<18_4945>_88
4790,<18_4945>_89
4791,<18_4945>_90
4792,<18_4945>_91
4793,<18_4945>_92
4794,<18_4945>_93
4795,<18_4945>_94
4796,<18_4945>_95
4797,<18_4945>_96
4798,<18_4945>_97
4799,<18_4945>_98
4800,<18_4945>_99
4801,<18_4945>_100
4802,<18_4945>_101
4803,<18_4945>_102
4804,<18_4945>_103
4805,<18_4945>_104
4806,<18_4945>_105
4807,<18_4945>_106
4808,<18_4945>_107
4809,<18_4945>_108
4810,<18_4945>_109
4811,<18_4945>_110
4812,<18_4945>_111
4813,<18_4945>_112
4814,<18_4945>_113
4815,<18_4945>_114
4816,<18_4945>_115
4817,<18_4945>_116
4818,<18_4945>_117
4819,<18_4945>_118
4820,<18_4945>_119
4821,<18_4945>_120
4822,<18_4945>_121
4823,<18_4945>_122
4824,<18_4945>_123
4825,<18_4945>_124
4826,<18_4945>_125
4827,<18_4945>_126
4828,<18_4945>_127
4829,<18_4945>_128
4830,<18_4945>_129
4831,<18_4945>_130
4832,<18_4945>_131
4833,<18_4945>_132
4834,<18_4945>_133
4835,<18_4945>_134
4836,<18_4945>_135
4837,<18_4945>_136
4838,<18_4945>_137
4839,<18_4945>_138
4840,<18_4945>_139
4841,<18_4945>_140
4842,<18_4945>_141
4843,<18_4945>_142
4844,<18_4945>_143
4845,<18_4945>_144
4846,<18_4945>_145
4847,<18_4945>_146
4848,<18_4945>_147
4849,<18_4945>_148
4850,<18_4945>_149
4851,<18_4945>_150
4852,<18_4945>_151
4853,<18_4945>_152
4854,<18_4945>_153
4855,<18_4945>_154
4856,<18_4945>_155
4857,<18_4945>_156
4858,<18_4945>_157
4859,<18_4945>_158
4860,<18_4945>_159
4861,<18_4945>_160
4862,<18_4945>_161
4863,<18_4945>_162
4864,<18_4945>_163
4865,<18_4945>_164
4866,<18_4945>_165
4867,<18_4945>_166
4868,<18_4945>_167
4869,<18_4945>_168
4870,<18_4945>_169
4871,<18_4945>_170
4872,<18_4945>_171
4873,<18_4945>_172
4874,<18_4945>_173
4875,<18_4945>_174
4876,<18_4945>_175
4877,<18_4945>_176
4878,<18_4945>_177
4879,<18_4945>_178
4880,<18_4945>_179
4881,<16_4488>_0
4882,<16_4488>_1
4883,<16_4488>_2
4884,<16_4488>_3
4885,<16_4488>_4
4886,<18_5729>_0
4887,<18_5729>_1
4888,<18_5729>_2
4889,<18_5729>_3
4890,<18_5729>_4
4891,<18_5729>_5
4892,<18_5729>_6
4893,<18_5729>_7
4894,<18_5729>_8
4895,<18_5729>_9
4896,<18_5729>_10
4897,<18_5729>_11
4898,<18_5729>_12
4899,<18_5729>_13
4900,<18_5729>_14
4901,<18_5729>_15
4902,<18_5729>_16
4903,<18_5729>_17
4904,<18_5729>_18
4905,<18_5729>_19
4906,<18_5729>_20
4907,<18_5729>_21
4908,<18_5729>_22
4909,<18_5729>_23
4910,<18_5729>_24
4911,<18_5729>_25
4912,<18_5729>_26
4913,<18_5729>_27
4914,<18_5729>_28
4915,<18_5729>_29
4916,<18_5729>_30
4917,<18_5729>_31
4918,<18_5729>_32
4919,<18_5729>_33
4920,<18_5729>_34
4921,<18_5729>_35
4922,<18_5729>_36
4923,<18_5729>_37
4924,<18_5729>_38
4925,<18_5729>_39
4926,<18_5729>_40
4927,<18_5729>_41
4928,<18_5729>_42
4929,<18_5729>_43
4930,<18_5729>_44
4931,<18_5729>_45
4932,<18_5729>_46
4933,<18_5729>_47
4934,<18_5729>_48
4935,<18_5729>_49
4936,<18_5729>_50
4937,<18_5729>_51
4938,<18_5729>_52
4939,<18_5729>_53
4940,<18_5729>_54
4941,<18_5729>_55
4942,<18_5729>_56
4943,<18_5729>_57
4944,<18_5729>_58
4945,<18_5729>_59
4946,<18_5729>_60
4947,<18_5729>_61
4948,<18_5729>_62
4949,<18_5729>_63
4950,<18_5729>_64
4951,<18_5729>_65
4952,<18_5729>_66
4953,<18_5729>_67
4954,<18_5729>_68
4955,<18_5729>_69
4956,<18_5729>_70
4957,<18_5729>_71
4958,<18_5729>_72
4959,<18_5729>_73
4960,<18_5729>_74
4961,<18_5729>_75
4962,<18_5729>_76
4963,<18_5729>_77
4964,<18_5729>_78
4965,<18_5729>_79
4966,<18_5729>_80
4967,<18_5729>_81
4968,<18_5729>_82
4969,<18_5729>_83
4970,<18_5729>_84
4971,<18_5729>_85
4972,<18_5729>_86
4973,<18_5729>_87
4974,<18_5729>_88
4975,<18_5729>_89
4976,<18_5729>_90
4977,<18_5729>_91
4978,<18_5729>_92
4979,<18_5729>_93
4980,<18_5729>_94
4981,<18_5729>_95
4982,<18_5729>_96
4983,<18_5729>_97
4984,<18_5729>_98
4985,<18_5729>_99
4986,<18_5729>_100
4987,<18_5729>_101
4988,<18_5729>_102
4989,<18_5729>_103
4990,<18_5729>_104
4991,<18_5729>_105
4992,<18_5729>_106
4993,<18_5729>_107
4994,<18_5729>_108
4995,<18_5729>_109
4996,<18_5729>_110
4997,<18_5729>_111
4998,<18_5729>_112
4999,<18_5729>_113
5000,<18_5729>_114
5001,<18_5729>_115
5002,<18_5729>_116
5003,<18_5729>_117
5004,<18_5729>_118
5005,<18_5729>_119
5006,<18_5729>_120
5007,<18_5729>_121
5008,<18_5729>_122
5009,<18_5729>_123
5010,<18_5729>_124
5011,<18_5729>_125
5012,<18_5729>_126
5013,<18_5729>_127
5014,<18_5729>_128
5015,<18_5729>_129
5016,<18_5729>_130
5017,<18_5729>_131
5018,<18_5729>_132
5019,<18_5729>_133
5020,<18_5729>_134
5021,<18_5729>_135
5022,<18_5729>_136
5023,<18_5729>_137
5024,<18_5729>_138
5025,<18_5729>_139
5026,<18_5729>_140
5027,<18_5729>_141
5028,<18_5729>_142
5029,<18_5729>_143
5030,<18_5729>_144
5031,<18_5729>_145
5032,<18_5729>_146
5033,<18_5729>_147
5034,<18_5729>_148
5035,<18_5729>_149
5036,<18_5729>_150
5037,<18_5729>_151
5038,<18_5729>_152
5039,<18_5729>_153
5040,<18_5729>_154
5041,<18_5729>_155
5042,<18_5729>_156
5043,<18_5729>_157
5044,<18_5729>_158
5045,<18_5729>_159
5046,<18_5729>_160
5047,<18_5729>_161
5048,<18_5729>_162
5049,<18_5729>_163
5050,<18_5729>_164
5051,<18_5729>_165
5052,<18_5729>_166
5053,<18_5729>_167
5054,<18_5729>_168
5055,<18_5729>_169
5056,<17_3113>_0
5057,<17_3113>_1
5058,<17_3113>_2
5059,<17_3113>_3
5060,<17_3113>_4
5061,<17_3113>_5
5062,<17_3113>_6
5063,<17_3113>_7
5064,<17_3113>_8
